Date,"Ferric chloride, mg/L","Cationic Polimer, mg/L"
1/2/2017,24,2.599999905
1/3/2017,24,2.599999905
1/4/2017,24,2.599999905
1/5/2017,24,1.550069388
1/6/2017,24,5.380173172
1/7/2017,24,5.517676431
1/8/2017,24,5.655179691
1/9/2017,24,5.79268295
1/10/2017,24,2.944436636
1/11/2017,24,2.400000095
1/12/2017,24,2.400000095
1/13/2017,24,2.400000095
1/14/2017,24,2.400000095
1/15/2017,24,2.400000095
1/16/2017,24,2.400000095
1/17/2017,24,2.400000095
1/18/2017,24,2.400000095
1/19/2017,24,2.400000095
1/20/2017,24,2.400000095
1/21/2017,24,2.400000095
1/22/2017,24,2.400000095
1/23/2017,24,2.400000095
1/24/2017,24,1.444166724
1/25/2017,25.39097222,2.406336458
1/26/2017,26,2.416866593
1/27/2017,26,2.427396728
1/28/2017,26,2.437926864
1/29/2017,26,2.448456999
1/30/2017,26,2.458987134
1/31/2017,26,2.469517269
2/1/2017,26,2.480047405
2/2/2017,26,2.49057754
2/3/2017,26,2.501107675
2/4/2017,26,2.51163781
2/5/2017,26,2.522167946
2/6/2017,26,2.532698081
2/7/2017,26,2.543228216
2/8/2017,26,2.553758351
2/9/2017,26,2.564288487
2/10/2017,26,2.574818622
2/11/2017,26,2.585348757
2/12/2017,26,2.598387129
2/13/2017,26,2.599999905
2/14/2017,26,2.599999905
2/15/2017,26,2.599999905
2/16/2017,26,2.599999905
2/17/2017,26,2.599999905
2/18/2017,26,2.599999905
2/19/2017,26,2.599999905
2/20/2017,26,2.599999905
2/21/2017,26,2.599999905
2/22/2017,26,2.599999905
2/23/2017,26,2.599999905
2/24/2017,26,2.599999905
2/25/2017,26,2.599999905
2/26/2017,26,2.599999905
2/27/2017,26,2.599999905
2/28/2017,26,2.599999905
3/1/2017,26,2.599999905
3/2/2017,26,2.599999905
3/3/2017,26,2.599999905
3/4/2017,26,2.599999905
3/5/2017,26,2.599999905
3/6/2017,26,2.599999905
3/7/2017,26,2.599999905
3/8/2017,26,2.599999905
3/9/2017,26,2.599999905
3/10/2017,26,2.599999905
3/11/2017,26,2.599999905
3/12/2017,26,2.599999905
3/13/2017,26,2.599999905
3/14/2017,26,2.599999905
3/15/2017,26,2.599999905
3/16/2017,26,2.599999905
3/17/2017,26,2.599999905
3/18/2017,26,2.599999905
3/19/2017,26,2.599999905
3/20/2017,26,2.599999905
3/21/2017,26,2.599999905
3/22/2017,26,2.599999905
3/23/2017,26,2.599999905
3/24/2017,26,2.599999905
3/25/2017,26,2.599999905
3/26/2017,26,2.599999905
3/27/2017,26,2.599999905
3/28/2017,26,2.599999905
3/29/2017,26,2.599999905
3/30/2017,26,2.599999905
3/31/2017,26,2.599999905
4/1/2017,26,2.599999905
4/2/2017,26,2.599999905
4/3/2017,26,2.599999905
4/4/2017,26,2.599999905
4/5/2017,26,2.599999905
4/6/2017,26,2.599999905
4/7/2017,26,2.599999905
4/8/2017,26,2.599999905
4/9/2017,26,2.599999905
4/10/2017,26,2.599999905
4/11/2017,26,2.599999905
4/12/2017,26,2.599999905
4/13/2017,26,2.599999905
4/14/2017,26,2.599999905
4/15/2017,26,2.599999905
4/16/2017,26,2.599999905
4/17/2017,26,2.599999905
4/18/2017,26,2.599999905
4/19/2017,26,2.599999905
4/20/2017,26,2.599999905
4/21/2017,26,2.599999905
4/22/2017,26,2.599999905
4/23/2017,26,2.599999905
4/24/2017,26,2.599999905
4/25/2017,26,2.599999905
4/26/2017,26,2.599999905
4/27/2017,26,2.599999905
4/28/2017,26,2.599999905
4/29/2017,26,2.599999905
4/30/2017,26,2.599999905
5/1/2017,26,2.599999905
5/2/2017,26,2.599999905
5/3/2017,26,2.599999905
5/4/2017,26,2.599999905
5/5/2017,26,2.599999905
5/6/2017,26,2.599999905
5/7/2017,26,2.599999905
5/8/2017,26,2.599999905
5/9/2017,26,2.599999905
5/10/2017,26,2.599999905
5/11/2017,26,2.599999905
5/12/2017,26,2.599999905
5/13/2017,26,2.599999905
5/14/2017,26,2.599999905
5/15/2017,26,2.599999905
5/16/2017,26,2.599999905
5/17/2017,26,2.599999905
5/18/2017,26,2.599999905
5/19/2017,26,2.599999905
5/20/2017,26,2.599999905
5/21/2017,26,2.599999905
5/22/2017,26,2.599999905
5/23/2017,26,2.599999905
5/24/2017,26,2.599999905
5/25/2017,26,2.599999905
5/26/2017,26,2.599999905
5/27/2017,26,2.599999905
5/28/2017,26,2.599999905
5/29/2017,26,2.599999905
5/30/2017,26,2.599999905
5/31/2017,26,2.599999905
6/1/2017,26,2.599999905
6/2/2017,26,2.599999905
6/3/2017,26,2.599999905
6/4/2017,26,2.599999905
6/5/2017,26,2.599999905
6/6/2017,26,2.599999905
6/7/2017,26,2.599999905
6/8/2017,26,2.599999905
6/9/2017,26,2.599999905
6/10/2017,26,2.599999905
6/11/2017,26,2.599999905
6/12/2017,26,2.599999905
6/13/2017,26,2.599999905
6/14/2017,26,2.599999905
6/15/2017,26,2.599999905
6/16/2017,26,2.599999905
6/17/2017,26,2.599999905
6/18/2017,26,2.599999905
6/19/2017,26,2.599999905
6/20/2017,26,2.599999905
6/21/2017,26,2.599999905
6/22/2017,26,2.599999905
6/23/2017,26,2.599999905
6/24/2017,26,2.599999905
6/25/2017,26,2.599999905
6/26/2017,26,2.599999905
6/27/2017,26,2.599999905
6/28/2017,26,2.599999905
6/29/2017,26,2.599999905
6/30/2017,26,2.599999905
7/1/2017,26,2.599999905
7/2/2017,26,2.599999905
7/3/2017,26,2.599999905
7/4/2017,26,2.599999905
7/5/2017,26,2.599999905
7/6/2017,23.58333333,1.183541623
7/7/2017,22,2.200000048
7/8/2017,22,2.200000048
7/9/2017,22,2.200000048
7/10/2017,22,2.200000048
7/11/2017,22,2.200000048
7/12/2017,22,2.200000048
7/13/2017,22,2.200000048
7/14/2017,22,2.200000048
7/15/2017,22,2.200000048
7/16/2017,22,2.200000048
7/17/2017,22,2.200000048
7/18/2017,22,2.200000048
7/19/2017,22,2.200000048
7/20/2017,22,2.200000048
7/21/2017,22,2.200000048
7/22/2017,22,2.200000048
7/23/2017,22,2.200000048
7/24/2017,22,2.200000048
7/25/2017,22,2.200000048
7/26/2017,22,2.200000048
7/28/2017,22,2.200000048
7/29/2017,22,2.200000048
7/30/2017,22,2.200000048
7/31/2017,22,2.200000048
8/1/2017,22,2.200000048
8/2/2017,22,2.200000048
8/3/2017,22,2.200000048
8/4/2017,22,2.200000048
8/5/2017,22,2.200000048
8/6/2017,22,2.200000048
8/7/2017,22,2.200000048
8/8/2017,22,2.200000048
8/9/2017,22,2.200000048
8/10/2017,22,2.200000048
8/11/2017,22,2.200000048
8/12/2017,22,2.200000048
8/13/2017,22,2.200000048
8/14/2017,22,2.200000048
8/15/2017,22,2.200000048
8/16/2017,22,2.200000048
8/17/2017,22,2.200000048
8/18/2017,22,2.200000048
8/19/2017,22,2.200000048
8/20/2017,22,2.200000048
8/21/2017,22,2.200000048
8/22/2017,22,2.200000048
8/23/2017,22,2.200000048
8/24/2017,22,2.200000048
8/25/2017,22,2.200000048
8/26/2017,22.0453653,2.206602555
8/27/2017,22.1055542,2.215362503
8/28/2017,22.16574311,2.224122452
8/29/2017,22.22593201,2.232882401
8/30/2017,22.28612092,2.241642349
8/31/2017,22.34630982,2.250402298
9/1/2017,22.40649873,2.259162246
9/2/2017,22.46668764,2.267922195
9/3/2017,22.52687654,2.276682144
9/4/2017,22.58706545,2.285442092
9/5/2017,22.64725435,2.294202041
9/6/2017,22.70744326,2.302961989
9/7/2017,22.76763216,2.311721938
9/8/2017,22.82782107,2.320481887
9/9/2017,22.88800997,2.329241835
9/10/2017,22.94819888,2.338001784
9/11/2017,23.00838778,2.346761732
9/12/2017,23.06857669,2.355521681
9/13/2017,23.12876559,2.36428163
9/14/2017,23.1889545,2.373041578
9/15/2017,23.24914341,2.381801527
9/16/2017,23.30933231,2.390561475
9/17/2017,23.36952122,2.399321424
9/18/2017,23.42971012,2.408081373
9/19/2017,23.48989903,2.416841321
9/20/2017,23.55008793,2.42560127
9/21/2017,23.61027684,2.434361218
9/22/2017,23.67046574,2.443121167
9/23/2017,23.73065465,2.451881116
9/24/2017,23.79084355,2.460641064
9/25/2017,23.85103246,2.469401013
9/26/2017,23.91122136,2.478160961
9/27/2017,24.3555171,2.48692091
9/28/2017,25,2.497870423
9/29/2017,26.63854167,2.735691107
9/30/2017,29.35763889,2.799999952
10/1/2017,30,2.799999952
10/2/2017,30,2.799999952
10/3/2017,30,2.799999952
10/4/2017,30,2.799999952
10/5/2017,30,2.799999952
10/6/2017,30,2.799999952
10/7/2017,30,2.799999952
10/8/2017,30,2.799999952
10/9/2017,30,2.799999952
10/10/2017,30,2.799999952
10/11/2017,30,2.900222477
10/12/2017,30,3
10/13/2017,30,3
10/14/2017,35.61714564,3.400000095
10/15/2017,36,3.264823605
10/16/2017,31.93055556,3.029790271
10/17/2017,28.71597222,2.925232942
10/18/2017,28,2.80142877
10/19/2017,28,2.677624597
10/20/2017,26.30416667,2.523396935
10/21/2017,24.95814856,2.5
10/22/2017,24.88411162,2.5
10/23/2017,24.81007468,2.5
10/24/2017,24.73603774,2.5
10/25/2017,24.6620008,2.5
10/26/2017,24.58796386,2.5
10/27/2017,24.51392691,2.5
10/28/2017,24.43988997,2.5
10/29/2017,24.36585303,2.5
10/30/2017,24.29181609,2.5
10/31/2017,24.21777915,2.5
11/1/2017,24.14374221,2.5
11/2/2017,24.06970527,2.5
11/3/2017,23.99566832,2.5
11/4/2017,23.92163138,2.5
11/5/2017,23.84759444,2.5
11/6/2017,23.7735575,2.5
11/7/2017,23.69952056,2.5
11/8/2017,23.62548362,2.5
11/9/2017,23.55144668,2.5
11/10/2017,23.47740974,2.5
11/11/2017,23.40337279,2.5
11/12/2017,23.32933585,2.5
11/13/2017,23.25529891,2.5
11/14/2017,23.18126197,2.5
11/15/2017,23.10722503,2.5
11/16/2017,23.01487702,2.5
11/17/2017,23,2.5
11/18/2017,23,2.5
11/19/2017,23,2.5
11/20/2017,23,2.5
11/21/2017,23,2.5
11/22/2017,23,2.5
11/23/2017,23,2.5
11/24/2017,23,2.5
11/25/2017,23,2.5
11/26/2017,23,2.5
11/27/2017,23,2.5
11/28/2017,23,0.989583333
11/29/2017,23,2.299999952
11/30/2017,22.59166667,2.299999952
12/1/2017,21,2.299999952
12/2/2017,21,2.299999952
12/3/2017,21,2.299999952
12/4/2017,21,2.299999952
12/5/2017,21,2.224299984
12/6/2017,21,2.099999905
12/7/2017,21,2.099999905
12/8/2017,21,2.099999905
12/9/2017,21,2.099999905
12/10/2017,21,2.099999905
12/11/2017,21,2.099999905
12/12/2017,21,2.099999905
12/13/2017,21,2.099999905
12/14/2017,21,2.099999905
12/15/2017,21,2.099999905
12/16/2017,21,2.099999905
12/17/2017,21,2.099999905
12/18/2017,21,2.099999905
12/19/2017,21,2.099999905
12/20/2017,21,2.099999905
12/21/2017,21,2.099999905
12/22/2017,21,2.099999905
12/23/2017,21,2.099999905
12/24/2017,21,2.099999905
12/25/2017,21,2.099999905
12/26/2017,21,2.099999905
12/27/2017,21,2.099999905
12/28/2017,21,2.099999905
12/29/2017,21,2.099999905
12/30/2017,21,2.099999905
12/31/2017,21,2.099999905
1/1/2018,21,2.099999905
1/2/2018,21,2.099999905
1/3/2018,21,2.099999905
1/4/2018,21,2.099999905
1/5/2018,21,2.099999905
1/6/2018,21,2.099999905
1/7/2018,21,2.099999905
1/8/2018,21,2.099999905
1/9/2018,21,2.099999905
1/10/2018,21,2.099999905
1/11/2018,21,2.099999905
1/12/2018,21,2.099999905
1/13/2018,21,2.099999905
1/14/2018,21,2.099999905
1/15/2018,21,2.099999905
1/16/2018,21,2.099999905
1/17/2018,21.24398971,2.144931618
1/18/2018,22.63193801,2.277973889
1/19/2018,23,2.299999952
1/20/2018,23,2.299999952
1/21/2018,23,2.299999952
1/22/2018,23,2.299999952
1/23/2018,23,2.299999952
1/24/2018,23,2.299999952
1/25/2018,23,2.299999952
1/26/2018,23,2.299999952
1/27/2018,23,2.299999952
1/28/2018,23,2.299999952
1/29/2018,23,2.299999952
1/30/2018,23,2.299999952
1/31/2018,23,2.299999952
2/1/2018,23,2.299999952
2/2/2018,23,2.299999952
2/3/2018,23,2.299999952
2/4/2018,23,2.299999952
2/5/2018,23,2.299999952
2/6/2018,23,2.299999952
2/7/2018,23,2.299999952
2/8/2018,23,2.299999952
2/9/2018,23,2.299999952
2/10/2018,23,2.299999952
2/11/2018,23,2.299999952
2/12/2018,23,2.299999952
2/13/2018,23,2.299999952
2/14/2018,23,2.299999952
2/15/2018,23,2.299999952
2/16/2018,23,2.299999952
2/17/2018,23,2.299999952
2/18/2018,23,2.299999952
2/19/2018,23,2.299999952
2/20/2018,23,2.299999952
2/21/2018,23,2.299999952
2/22/2018,23,2.299999952
2/23/2018,23,2.299999952
2/24/2018,23,2.299999952
2/25/2018,23,2.299999952
2/26/2018,23,2.299999952
2/27/2018,23,2.299999952
2/28/2018,23,2.299999952
3/1/2018,23.04400583,0.055049897
3/2/2018,23.11831936,0.148013779
3/3/2018,23.1926329,0.240977662
3/4/2018,23.26694643,0.333941544
3/5/2018,23.34125997,0.426905426
3/6/2018,23.4155735,0.519869308
3/7/2018,23.48988704,0.612833191
3/8/2018,23.56420057,0.705797073
3/9/2018,23.63851411,0.798760955
3/10/2018,23.71282764,0.891724837
3/11/2018,23.78714118,0.984688719
3/12/2018,23.86145471,1.077652602
3/13/2018,23.93576825,1.170616484
3/14/2018,24.01008178,1.263580366
3/15/2018,24.08439532,1.356544248
3/16/2018,24.15870885,1.449508131
3/17/2018,24.23302239,1.542472013
3/18/2018,24.30733592,1.635435895
3/19/2018,24.38164946,1.728399777
3/20/2018,24.45596299,1.82136366
3/21/2018,24.53027653,1.914327542
3/22/2018,24.60459006,2.007291424
3/23/2018,24.6789036,2.100255306
3/24/2018,24.75321714,2.193219189
3/25/2018,24.82753067,2.286183071
3/26/2018,24.90184421,2.379146953
3/27/2018,24.99235061,2.491633251
3/28/2018,25,2.494620615
3/29/2018,25,2.486935778
3/30/2018,25,2.479250942
3/31/2018,25,2.471566106
4/1/2018,25,2.463881269
4/2/2018,25,2.456196433
4/3/2018,25,2.448511597
4/4/2018,25,2.44082676
4/5/2018,25,2.433141924
4/6/2018,25,2.425457088
4/7/2018,25,2.417772251
4/8/2018,25,2.410087415
4/9/2018,25,2.402402579
4/10/2018,25,2.394717742
4/11/2018,25,2.387032906
4/12/2018,25,2.37934807
4/13/2018,25,2.371663233
4/14/2018,25,2.363978397
4/15/2018,25,2.356293561
4/16/2018,25,2.348608724
4/17/2018,25,2.340923888
4/18/2018,25,2.333239052
4/19/2018,25,2.325554215
4/20/2018,25,2.317869379
4/21/2018,25,2.310184543
4/22/2018,25,2.302499706
4/23/2018,25,2.29481487
4/24/2018,25,2.287130034
4/25/2018,25,2.279445198
4/26/2018,25,2.271760361
4/27/2018,25,2.264075525
4/28/2018,25,2.256390689
4/29/2018,25,2.248705852
4/30/2018,25,2.241021016
5/1/2018,25,2.23333618
5/2/2018,25,2.225651343
5/3/2018,25,2.217966507
5/4/2018,25,2.210281671
5/5/2018,25,2.202596834
5/6/2018,25,2.194911998
5/7/2018,25,2.187227162
5/8/2018,25,2.179542325
5/9/2018,25,2.171857489
5/10/2018,25,2.164172653
5/11/2018,25,2.156487816
5/12/2018,25,2.14880298
5/13/2018,25,2.141118144
5/14/2018,25,2.133433307
5/15/2018,25,2.125748471
5/16/2018,25,2.118063635
5/17/2018,25,2.110378798
5/18/2018,25,2.102693962
5/19/2018,25,2.095009126
5/20/2018,25,2.087324289
5/21/2018,25,2.079639453
5/22/2018,25,2.071954617
5/23/2018,25,2.06426978
5/24/2018,25,2.056584944
5/25/2018,25,2.048900108
5/26/2018,25,2.041215271
5/27/2018,25,2.033530435
5/28/2018,25,2.025845599
5/29/2018,25,2.018160763
5/30/2018,25,2.010475926
5/31/2018,21.81761312,2.001014624
6/1/2018,20.0112542,2
6/2/2018,19.034375,1.05
6/3/2018,18,2
6/4/2018,18,2
6/5/2018,18,2
6/6/2018,18,2
6/7/2018,18,2
6/8/2018,18,1.895512811
6/9/2018,18,1.799999952
6/10/2018,18,1.799999952
6/11/2018,18,1.799999952
6/12/2018,18,1.799999952
6/13/2018,18,1.799999952
6/14/2018,18,1.799999952
6/15/2018,18,1.799999952
6/16/2018,18,1.799999952
6/17/2018,18,1.799999952
6/18/2018,18,1.799999952
6/19/2018,18,1.799999952
6/20/2018,18,1.799999952
6/21/2018,18,1.799999952
6/22/2018,18,1.799999952
6/23/2018,18,1.799999952
6/24/2018,18,1.799999952
6/25/2018,18,1.799999952
6/26/2018,18,1.799999952
6/27/2018,18,1.799999952
6/28/2018,18,1.799999952
6/29/2018,18,1.799999952
6/30/2018,18,1.799999952
7/1/2018,18,1.799999952
7/2/2018,18,1.799999952
7/3/2018,18,1.799999952
7/4/2018,18,1.799999952
7/5/2018,18,1.799999952
7/6/2018,18,1.799999952
7/7/2018,18,1.799999952
7/8/2018,18,1.799999952
7/9/2018,18,1.799999952
7/10/2018,18,1.799999952
7/11/2018,18,1.799999952
7/12/2018,18,1.799999952
7/13/2018,18,1.799999952
7/14/2018,18,1.799999952
7/15/2018,18,1.799999952
7/16/2018,18,1.799999952
7/17/2018,18,1.799999952
7/18/2018,18,1.799999952
7/19/2018,18,1.799999952
7/20/2018,18,1.799999952
7/21/2018,18,1.799999952
7/22/2018,18,1.799999952
7/23/2018,18,1.799999952
7/24/2018,18,1.799999952
7/25/2018,18,1.799999952
7/26/2018,18,1.799999952
7/27/2018,18,1.799999952
7/28/2018,18,1.799999952
7/29/2018,18,1.799999952
7/30/2018,18,1.799999952
7/31/2018,18,1.799999952
8/1/2018,17.9733134,1.794131456
8/2/2018,17.93196851,1.785039538
8/3/2018,17.89062361,1.77594762
8/4/2018,17.84927871,1.766855703
8/5/2018,17.80793382,1.757763785
8/6/2018,17.76658892,1.748671867
8/7/2018,17.72524403,1.739579949
8/8/2018,17.68389913,1.730488031
8/9/2018,17.64255423,1.721396114
8/10/2018,17.60120934,1.712304196
8/11/2018,17.55986444,1.703212278
8/12/2018,17.51851955,1.69412036
8/13/2018,17.47717465,1.685028442
8/14/2018,17.43582975,1.675936525
8/15/2018,17.39448486,1.666844607
8/16/2018,17.35313996,1.657752689
8/17/2018,17.31179507,1.648660771
8/18/2018,17.27045017,1.639568853
8/19/2018,17.22910528,1.630476936
8/20/2018,17.18776038,1.621385018
8/21/2018,17.14641548,1.6122931
8/22/2018,17.10507059,1.603201182
8/23/2018,17.06372569,1.594109264
8/24/2018,17.01211516,1.585017347
8/25/2018,16.10033747,1.575925429
8/26/2018,16.05192847,1.566833511
8/27/2018,16.12311077,1.557741593
8/28/2018,16.19429306,1.548649675
8/29/2018,16.26547535,1.539557758
8/30/2018,16.33665765,1.53046584
8/31/2018,16.40783994,1.521373922
9/1/2018,16.47902223,1.512282004
9/2/2018,16.55020453,1.503190086
9/3/2018,16.62138682,1.494098169
9/4/2018,16.69256911,1.485006251
9/5/2018,16.76375141,1.475914333
9/6/2018,16.8349337,1.466822415
9/7/2018,16.90611599,1.457730497
9/8/2018,16.97729829,1.44863858
9/9/2018,17.04848058,1.439546662
9/10/2018,17.11966287,1.430454744
9/11/2018,17.19084517,1.421362826
9/12/2018,17.26202746,1.412270908
9/13/2018,17.33320975,1.401111527
9/14/2018,17.40439205,1.428847535
9/15/2018,17.47557434,1.4732047
9/16/2018,17.54675663,1.517561865
9/17/2018,17.61793893,1.56191903
9/18/2018,17.68912122,1.606276195
9/19/2018,17.76030351,1.65063336
9/20/2018,17.83148581,1.694990525
9/21/2018,17.9026681,1.73934769
9/22/2018,16.77650476,1.794013767
9/23/2018,16,1.799999952
9/24/2018,16,1.799999952
9/25/2018,16,1.799999952
9/26/2018,17.45555556,1.799999952
9/27/2018,18,1.799999952
9/28/2018,18,1.799999952
9/29/2018,18,1.799999952
9/30/2018,18,1.799999952
10/1/2018,8.51875,0.852499977
10/9/2018,11.16149285,0.976630608
10/10/2018,16,1.399999976
10/11/2018,16,1.430138789
10/12/2018,16,1.500010888
10/13/2018,16,1.569882987
10/14/2018,16,1.639755086
10/15/2018,16,1.709627185
10/16/2018,20.77222222,2.129766272
10/17/2018,24.90520833,2.452503532
10/18/2018,25,2.475766857
10/19/2018,25,2.445330115
10/20/2018,25,2.414893372
10/21/2018,25,2.384456629
10/22/2018,25,2.354019886
10/23/2018,25,2.323583144
10/24/2018,25,2.293146401
10/25/2018,23.68333333,2.262709658
10/26/2018,23,2.232272916
10/27/2018,23,2.201836173
10/28/2018,23,2.17139943
10/29/2018,23,2.140962688
10/30/2018,21.69166667,2.10364016
10/31/2018,21,2.099999905
11/1/2018,21,2.099999905
11/2/2018,21,2.099999905
11/3/2018,21,2.099999905
11/4/2018,21,2.099999905
11/5/2018,21,2.086398199
11/6/2018,21,2.027304954
11/7/2018,21,2.033700297
11/8/2018,21,2.116333952
11/9/2018,21.98611111,2.125813085
11/10/2018,23,2.135292219
11/11/2018,23,2.144771352
11/12/2018,23,2.154250486
11/13/2018,23,2.163729619
11/14/2018,23,2.173208753
11/15/2018,23,2.182687886
11/16/2018,23,2.19216702
11/17/2018,23,2.201646153
11/18/2018,23,2.211125287
11/19/2018,23,2.22060442
11/20/2018,23,2.230083553
11/21/2018,23,2.239562687
11/22/2018,23,2.24904182
11/23/2018,23,2.258520954
11/24/2018,23,2.268000087
11/25/2018,23,2.277479221
11/26/2018,23,2.286958354
11/27/2018,23,2.298661039
11/28/2018,23,2.299999952
11/29/2018,23,2.299999952
11/30/2018,23,2.299999952
12/1/2018,23,2.299999952
12/2/2018,23,2.299999952
12/3/2018,23,2.299999952
12/4/2018,23,2.299999952
12/5/2018,23,2.299999952
12/6/2018,23,2.299999952
12/7/2018,23,2.299999952
12/8/2018,23,2.299999952
12/9/2018,23,2.299999952
12/10/2018,23,2.299999952
12/11/2018,23,2.299999952
12/12/2018,23,2.299999952
12/13/2018,23,2.299999952
12/14/2018,23,2.299999952
12/15/2018,23,2.299999952
12/16/2018,23,2.299999952
12/17/2018,23,2.299999952
12/18/2018,23,2.299999952
12/19/2018,23,2.299999952
12/20/2018,23,2.299999952
12/21/2018,23,2.299999952
12/22/2018,23,2.299999952
12/23/2018,22.98480584,2.29848054
12/24/2018,22.94516772,2.294516738
12/25/2018,22.90552959,2.290552935
12/26/2018,22.86589147,2.286589132
12/27/2018,22.82625335,2.282625329
12/28/2018,22.78661522,2.278661527
12/29/2018,22.7469771,2.274697724
12/30/2018,22.70733897,2.270733921
12/31/2018,22.66770085,2.266770118
1/1/2019,22.62806272,2.262806316
1/2/2019,22.5884246,2.258842513
1/3/2019,22.54878647,2.25487871
1/4/2019,22.50914835,2.250914907
1/5/2019,22.46951022,2.246951105
1/6/2019,22.4298721,2.242987302
1/7/2019,22.39023397,2.239023499
1/8/2019,22.35059585,2.235059696
1/9/2019,22.31095772,2.231095894
1/10/2019,22.2713196,2.227132091
1/11/2019,22.23168147,2.223168288
1/12/2019,22.19204335,2.219204485
1/13/2019,22.15240523,2.215240683
1/14/2019,22.1127671,2.21127688
1/15/2019,22.07312898,2.207313077
1/16/2019,22.03349085,2.203349274
1/17/2019,21.99385273,2.199385472
1/18/2019,21.9542146,2.195421669
1/19/2019,21.91457648,2.191457866
1/20/2019,21.87493835,2.187494063
1/21/2019,21.83530023,2.183530261
1/22/2019,21.7956621,2.179566458
1/23/2019,21.75602398,2.175602655
1/24/2019,21.71638585,2.171638852
1/25/2019,21.67674773,2.16767505
1/26/2019,21.6371096,2.163711247
1/27/2019,21.59747148,2.159747444
1/28/2019,21.55783335,2.155783641
1/29/2019,21.51819523,2.151819839
1/30/2019,21.4785571,2.147856036
1/31/2019,21.43891898,2.143892233
2/1/2019,21.39928086,2.13992843
2/2/2019,21.35964273,2.135964628
2/3/2019,21.32000461,2.132000825
2/4/2019,21.28036648,2.128037022
2/5/2019,21.24072836,2.124073219
2/6/2019,21.20109023,2.120109417
2/7/2019,21.16145211,2.116145614
2/8/2019,21.12181398,2.112181811
2/9/2019,21.08217586,2.108218008
2/10/2019,21.04253773,2.104254206
2/11/2019,21.00289961,2.100290403
2/12/2019,20.96326148,2.0963266
2/13/2019,20.92362336,2.092362798
2/14/2019,20.88398523,2.088398995
2/15/2019,20.84434711,2.084435192
2/16/2019,20.80470898,2.080471389
2/17/2019,20.76507086,2.076507587
2/18/2019,20.72543274,2.072543784
2/19/2019,20.68579461,2.068579981
2/20/2019,20.64615649,2.064616178
2/21/2019,20.60651836,2.060652376
2/22/2019,20.56688024,2.056688573
2/23/2019,20.52724211,2.05272477
2/24/2019,20.48760399,2.048760967
2/25/2019,20.44796586,2.044797165
2/26/2019,20.40832774,2.040833362
2/27/2019,20.36868961,2.036869559
2/28/2019,20.32905149,2.032905756
3/1/2019,20.28941336,2.028941954
3/2/2019,20.24977524,2.024978151
3/3/2019,20.21013711,2.021014348
3/4/2019,20.17049899,2.017050545
3/5/2019,20.13086086,2.013086743
3/6/2019,20.09122274,2.00912294
3/7/2019,20.05158462,2.005159137
3/8/2019,20.00360054,2.000360468
3/9/2019,20.02931513,1.968698575
3/10/2019,20.07127715,1.923882217
3/11/2019,20.11323916,1.879065859
3/12/2019,20.15520118,1.834249501
3/13/2019,20.19716319,1.789433143
3/14/2019,20.23912521,1.744616785
3/15/2019,20.28108722,1.699800427
3/16/2019,20.32304924,1.654984069
3/17/2019,20.36501126,1.610167711
3/18/2019,20.40697327,1.565351353
3/19/2019,20.44893529,1.520534995
3/20/2019,20.4908973,1.475718637
3/21/2019,20.53285932,1.430902279
3/22/2019,20.57482133,1.386085921
3/23/2019,20.61678335,1.341269563
3/24/2019,20.65874536,1.296453205
3/25/2019,20.70070738,1.251636847
3/26/2019,20.7426694,1.206820489
3/27/2019,20.78463141,1.162004132
3/28/2019,20.82659343,1.117187774
3/29/2019,20.86855544,1.072371416
3/30/2019,20.91051746,1.027555058
3/31/2019,20.95247947,0.9827387
4/1/2019,20.99444149,0.937922342
4/2/2019,21.03640351,0.893105984
4/3/2019,21.07836552,0.848289626
4/4/2019,21.12032754,0.803473268
4/5/2019,21.16228955,0.75865691
4/6/2019,21.20425157,0.713840552
4/7/2019,21.24621358,0.669024194
4/8/2019,21.2881756,0.624207836
4/9/2019,21.33013762,0.579391478
4/10/2019,21.37209963,0.53457512
4/11/2019,21.41406165,0.489758762
4/12/2019,21.45602366,0.444942404
4/13/2019,21.49798568,0.400126046
4/14/2019,21.53994769,0.355309688
4/15/2019,21.58190971,0.31049333
4/16/2019,21.62387172,0.265676972
4/17/2019,21.66583374,0.220860614
4/18/2019,21.70779576,0.176044256
4/19/2019,21.74975777,1.211805556
4/20/2019,21.79171979,2
4/21/2019,21.8336818,2
4/22/2019,21.87564382,2
4/23/2019,21.91760583,2
4/24/2019,21.96104194,2
4/25/2019,20.81805556,2
4/26/2019,20,2
4/27/2019,20,2
4/28/2019,20,2
4/29/2019,20,2
4/30/2019,20,2
5/1/2019,20,2
5/2/2019,20,2
5/3/2019,20,2
5/4/2019,20,2
5/5/2019,20,2
5/6/2019,20,2
5/7/2019,20,0.796527778
5/8/2019,20,1.987776024
5/9/2019,20,1.967997905
5/10/2019,20,1.948219786
5/11/2019,20,1.928441667
5/12/2019,20,1.908663548
5/13/2019,20,1.888885429
5/14/2019,20,1.86910731
5/15/2019,20,1.849329191
5/16/2019,20,1.829551072
5/17/2019,18.82197635,1.804953164
5/18/2019,18,1.799999952
5/19/2019,18,1.799999952
5/20/2019,18,1.799999952
5/21/2019,18,1.799999952
5/22/2019,18,1.799999952
5/23/2019,18,1.799999952
5/24/2019,18,1.799999952
5/25/2019,18,1.799999952
5/26/2019,18,1.799999952
5/27/2019,18,1.799999952
5/28/2019,18,1.799999952
5/29/2019,18,1.799999952
5/30/2019,18,1.799999952
5/31/2019,18,1.799999952
6/1/2019,18,1.799999952
6/2/2019,18,1.799999952
6/3/2019,18,1.799999952
6/4/2019,18,1.799999952
6/5/2019,18,1.799999952
6/6/2019,18,1.799999952
6/7/2019,18,1.799999952
6/8/2019,18,1.799999952
6/9/2019,18,1.799999952
6/10/2019,18,1.799999952
6/11/2019,17.99305556,1.799999952
6/12/2019,18,1.799999952
6/13/2019,17.97718459,1.799999952
6/14/2019,17.9353339,1.799999952
6/15/2019,17.89348321,1.799999952
6/16/2019,17.85163252,1.799999952
6/17/2019,17.80978182,1.799999952
6/18/2019,17.76793113,1.799999952
6/19/2019,17.72608044,1.799999952
6/20/2019,17.68422975,1.799999952
6/21/2019,17.64237906,1.799999952
6/22/2019,17.60052836,1.799999952
6/23/2019,17.55867767,1.799999952
6/24/2019,17.51682698,1.799999952
6/25/2019,17.47497629,1.799999952
6/26/2019,17.4331256,1.799999952
6/27/2019,17.39127491,1.799999952
6/28/2019,17.34942421,1.799999952
6/29/2019,17.30757352,1.799999952
6/30/2019,17.26572283,1.799999952
7/1/2019,17.22387214,1.799999952
7/2/2019,17.18202145,1.799999952
7/3/2019,17.14017075,1.799999952
7/4/2019,17.09832006,1.799999952
7/5/2019,17.05646937,1.799999952
7/6/2019,17.68635639,1.799999952
7/7/2019,18,1.799999952
7/8/2019,18,1.799999952
7/9/2019,18,1.799999952
7/10/2019,18,1.799999952
7/11/2019,18,1.799999952
7/12/2019,18,1.799999952
7/13/2019,18,1.799999952
7/14/2019,18,1.799999952
7/15/2019,18,1.799999952
7/16/2019,18,1.799999952
7/17/2019,18,1.799999952
7/18/2019,18,1.799999952
7/19/2019,18,1.799999952
7/20/2019,18,1.799999952
7/21/2019,18,1.799999952
7/22/2019,18,1.799999952
7/23/2019,18,1.799999952
7/24/2019,18,1.799999952
7/25/2019,18,1.799999952
7/26/2019,18,1.799999952
7/27/2019,18,1.799999952
7/28/2019,18,1.799999952
7/29/2019,18,1.799999952
7/30/2019,18,1.799999952
7/31/2019,18,1.799999952
8/1/2019,18,1.799999952
8/2/2019,18,1.799999952
8/3/2019,18,1.799999952
8/4/2019,18,1.799999952
8/5/2019,18,1.799999952
8/6/2019,18,1.799999952
8/7/2019,18,1.799999952
8/8/2019,18,1.799999952
8/9/2019,18,1.799999952
8/10/2019,18,1.799999952
8/11/2019,18,1.799999952
8/12/2019,18,1.799999952
8/13/2019,18,1.799999952
8/14/2019,18,1.799999952
8/15/2019,18,1.799999952
8/16/2019,18,1.799999952
8/17/2019,18,1.799999952
8/18/2019,18,1.799999952
8/19/2019,18,1.799999952
8/20/2019,18,1.799999952
8/21/2019,18,1.799999952
8/22/2019,18,1.799999952
8/23/2019,18,1.799999952
8/24/2019,18,1.799999952
8/25/2019,18,1.799999952
8/26/2019,18,1.799999952
8/27/2019,18,1.799999952
8/28/2019,18,1.799999952
8/29/2019,18,1.799999952
8/30/2019,18,1.799999952
8/31/2019,18,1.799999952
9/1/2019,18,1.799999952
9/2/2019,18,1.799999952
9/3/2019,18,1.799999952
9/4/2019,18,1.799999952
9/5/2019,18,1.799999952
9/6/2019,18,1.799999952
9/7/2019,18,1.799999952
9/8/2019,18,1.799999952
9/9/2019,18,1.799999952
9/10/2019,18,1.799999952
9/11/2019,18,1.799999952
9/12/2019,18,1.799999952
9/13/2019,18,1.799999952
9/14/2019,18,1.799999952
9/15/2019,18,1.799999952
9/16/2019,18,1.799999952
9/17/2019,18,1.799999952
9/18/2019,18,1.799999952
9/19/2019,18,1.799999952
9/20/2019,18,1.254999967
9/21/2019,18,1.799999952
9/22/2019,18,1.799999952
9/23/2019,18,1.799999952
9/24/2019,18,1.799999952
9/25/2019,18,1.799999952
9/26/2019,18,1.799999952
9/27/2019,19.27847222,1.799999952
9/28/2019,20,1.799999952
9/29/2019,20,1.799999952
9/30/2019,20,1.799999952
10/1/2019,20,1.799999952
10/2/2019,19.01736111,1.799999952
10/3/2019,18,1.799999952
10/4/2019,18,1.799999952
10/5/2019,18,1.842637368
10/6/2019,18,1.921455329
10/7/2019,18.32222222,2.00027329
10/8/2019,20.83495747,2.094453303
10/9/2019,22.47222222,2.117135246
10/10/2019,22.95103587,2.14045745
10/11/2019,22.88451856,2.163779655
10/12/2019,22.81800125,2.187101859
10/13/2019,22.75148394,2.210424063
10/14/2019,22.68496663,2.233746267
10/15/2019,22.61844932,2.257068471
10/16/2019,22.551932,2.280390675
10/17/2019,22.48541469,2.30371288
10/18/2019,22.41889738,2.327035084
10/19/2019,22.35238007,2.350357288
10/20/2019,22.28586276,2.373679492
10/21/2019,22.21934545,2.397001696
10/22/2019,22.15282814,2.4203239
10/23/2019,22.08631083,2.443646105
10/24/2019,21.34373717,2.466968309
10/25/2019,22.27013889,2.495957752
10/26/2019,23,2.5
10/27/2019,23,2.5
10/28/2019,23,2.5
10/29/2019,23,2.5
10/30/2019,23,2.5
10/31/2019,23,2.5
11/1/2019,23,2.5
11/2/2019,23,2.5
11/3/2019,23,2.5
11/4/2019,23,2.5
11/5/2019,23,2.5
11/6/2019,23,2.5
11/7/2019,23,2.5
11/8/2019,23,2.5
11/9/2019,23,2.5
11/10/2019,23,2.5
11/11/2019,23,2.5
11/12/2019,23,2.5
11/13/2019,23,2.5
11/14/2019,23,2.5
11/15/2019,23,2.5
11/16/2019,23,2.5
11/17/2019,23,2.5
11/18/2019,23,2.5
11/19/2019,23,2.5
11/20/2019,23,2.5
11/21/2019,23,2.5
11/22/2019,23,2.5
11/23/2019,23,2.5
11/24/2019,23,2.5
11/25/2019,23,2.5
11/26/2019,23,2.5
11/27/2019,23,2.5
11/28/2019,23,2.5
11/29/2019,23,2.5
11/30/2019,23,2.5
12/1/2019,23,2.5
12/2/2019,23,2.5
12/3/2019,23,2.5
12/4/2019,23,2.5
12/5/2019,23,2.5
12/6/2019,23,2.5
12/7/2019,23,2.5
12/8/2019,23,2.5
12/9/2019,23,2.5
12/10/2019,23,2.5
12/11/2019,23,2.5
12/12/2019,21.69375,2.5
12/13/2019,21,2.5
12/14/2019,21,2.5
12/15/2019,21,2.5
12/16/2019,21,2.5
12/17/2019,21,2.5
12/18/2019,21,2.5
12/19/2019,21,2.5
12/20/2019,21,2.5
12/21/2019,21,2.5
12/22/2019,21,2.5
12/23/2019,21,2.5
12/24/2019,21,2.5
12/25/2019,21,2.5
12/26/2019,21,2.5
12/27/2019,21,2.5
12/28/2019,21,2.5
12/29/2019,21,2.5
12/30/2019,21,2.5
12/31/2019,21,2.5
1/1/2020,21,2.5
1/2/2020,21,2.5
1/3/2020,21,2.5
1/4/2020,21,2.5
1/5/2020,21,2.5
1/6/2020,21,2.444663698
1/7/2020,20.97401051,2.299999952
1/8/2020,20.88007654,2.299999952
1/9/2020,20.78614256,2.299999952
1/10/2020,20.69220859,2.299999952
1/11/2020,20.59827462,2.299999952
1/12/2020,20.50434064,2.299999952
1/13/2020,20.41040667,2.299999952
1/14/2020,20.31647269,2.299999952
1/15/2020,20.22253872,2.299999952
1/16/2020,20.12860474,2.299999952
1/17/2020,19.38224133,2.299999952
1/18/2020,19,2.299999952
1/19/2020,19,2.299999952
1/20/2020,19,2.299999952
1/21/2020,19,2.299999952
1/22/2020,19,1.146006921
1/23/2020,19,2
1/24/2020,19,2
1/25/2020,19,2
1/26/2020,19,2
1/27/2020,19,2
1/28/2020,19,2
1/29/2020,19,2
1/30/2020,19,2
1/31/2020,19,2
2/1/2020,19,2
2/2/2020,19,2
2/3/2020,19,2
2/4/2020,19,2
2/5/2020,19,2
2/6/2020,19,2
2/7/2020,19,1.944089033
2/8/2020,19.10099578,1.899999976
2/9/2020,19.28855969,1.899999976
2/10/2020,19.47612359,1.899999976
2/11/2020,19.6636875,1.899999976
2/12/2020,19.8820341,1.03708332
2/13/2020,20.01249476,1.902161618
2/14/2020,20.07287212,1.906121878
2/15/2020,20.13324948,1.910082137
2/16/2020,20.19362683,1.914042397
2/17/2020,20.25400419,1.918002657
2/18/2020,20.31438155,1.921962916
2/19/2020,20.37475891,1.925923176
2/20/2020,20.43513627,1.929883435
2/21/2020,20.49551363,1.933843695
2/22/2020,20.55589099,1.937803955
2/23/2020,20.61626834,1.941764214
2/24/2020,20.6766457,1.945724474
2/25/2020,20.73702306,1.949684734
2/26/2020,20.79740042,1.953644993
2/27/2020,20.85777778,1.957605253
2/28/2020,20.91815514,1.961565513
2/29/2020,20.99236711,1.965525772
3/1/2020,20.98466483,1.969486032
3/2/2020,20.96086888,1.973446292
3/3/2020,20.93707293,1.977406551
3/4/2020,20.91327698,1.981366811
3/5/2020,20.88948103,1.985327071
3/6/2020,20.86568508,1.98928733
3/7/2020,20.84188913,1.99324759
3/8/2020,20.81809318,1.99720785
3/9/2020,20.79429723,2.001168109
3/10/2020,20.77050128,2.005128369
3/11/2020,20.74670534,2.009088629
3/12/2020,20.72290939,2.013048888
3/13/2020,20.69911344,2.017009148
3/14/2020,20.67531749,2.020969408
3/15/2020,20.65152154,2.024929667
3/16/2020,20.62772559,2.028889927
3/17/2020,20.60392964,2.032850187
3/18/2020,20.58013369,2.036810446
3/19/2020,20.55633774,2.040770706
3/20/2020,20.53254179,2.044730966
3/21/2020,20.50874584,2.048691225
3/22/2020,20.48494989,2.052651485
3/23/2020,20.46115394,2.056611744
3/24/2020,20.43735799,2.060572004
3/25/2020,20.41356204,2.064532264
3/26/2020,20.38976609,2.068492523
3/27/2020,20.36597014,2.072452783
3/28/2020,20.34217419,2.076413043
3/29/2020,20.31837824,2.080373302
3/30/2020,20.29458229,2.084333562
3/31/2020,20.27078634,2.088293822
4/1/2020,20.24699039,2.092254081
4/2/2020,20.22319444,2.096214341
4/3/2020,20.19939849,2.100174601
4/4/2020,20.17560254,2.10413486
4/5/2020,20.15180659,2.10809512
4/6/2020,20.12801064,2.11205538
4/7/2020,20.10421469,2.116015639
4/8/2020,20.08041874,2.119975899
4/9/2020,20.05662279,2.123936159
4/10/2020,20.03282684,2.127896418
4/11/2020,20.00903089,2.131856678
4/12/2020,19.98523494,2.135816938
4/13/2020,19.96143899,2.139777197
4/14/2020,19.93764304,2.143737457
4/15/2020,19.91384709,2.147697717
4/16/2020,19.89005114,2.151657976
4/17/2020,19.8662552,2.155618236
4/18/2020,19.84245925,2.159578496
4/19/2020,19.8186633,2.163538755
4/20/2020,19.79486735,2.167499015
4/21/2020,19.7710714,2.171459274
4/22/2020,19.74727545,2.175419534
4/23/2020,19.7234795,2.179379794
4/24/2020,19.69968355,2.183340053
4/25/2020,19.6758876,2.187300313
4/26/2020,19.65209165,2.191260573
4/27/2020,19.6282957,2.195220832
4/28/2020,19.60449975,2.199181092
4/29/2020,19.5807038,2.203141352
4/30/2020,19.55690785,2.207101611
5/1/2020,19.5331119,2.211061871
5/2/2020,19.50931595,2.215022131
5/3/2020,19.48552,2.21898239
5/4/2020,19.46172405,2.22294265
5/5/2020,19.4379281,2.22690291
5/6/2020,19.41413215,2.230863169
5/7/2020,19.3903362,2.234823429
5/8/2020,19.36654025,2.238783689
5/9/2020,19.3427443,2.242743948
5/10/2020,19.31894835,2.246704208
5/11/2020,19.2951524,2.250664468
5/12/2020,19.27135645,2.254624727
5/13/2020,19.2475605,2.258584987
5/14/2020,19.22376455,2.262545247
5/15/2020,19.1999686,2.266505506
5/16/2020,19.17617265,2.270465766
5/17/2020,19.1523767,2.274426026
5/18/2020,19.12858075,2.278386285
5/19/2020,19.1047848,2.282346545
5/20/2020,19.08098885,2.286306805
5/21/2020,19.0571929,2.290267064
5/22/2020,19.03339695,2.294227324
5/23/2020,20.16776263,2.299170542
5/24/2020,21,2.299999952
5/25/2020,21,2.299999952
5/26/2020,21,2.299999952
5/27/2020,21,2.299999952
5/28/2020,19.63055556,1.312916639
5/29/2020,19,1.899999976
5/30/2020,19,1.899999976
5/31/2020,19,1.899999976
6/1/2020,19,1.899999976
6/2/2020,19,1.899999976
6/3/2020,19,1.899999976
6/4/2020,19,1.899999976
6/5/2020,19,1.899999976
6/6/2020,19,1.899999976
6/7/2020,19,1.899999976
6/8/2020,19,1.899999976
6/9/2020,19,1.899999976
6/10/2020,19,1.899999976
6/11/2020,19,1.899999976
6/12/2020,19,1.899999976
6/13/2020,19,1.899999976
6/14/2020,19,1.903616028
6/15/2020,19,1.911033923
6/16/2020,20.34166667,1.918451818
6/17/2020,21,1.925869713
6/18/2020,21,1.933287608
6/19/2020,21,1.940705503
6/20/2020,21,1.948123398
6/21/2020,21,1.955541293
6/22/2020,21,1.962959188
6/23/2020,21,1.970377083
6/24/2020,21,1.977794978
6/25/2020,21,1.985212873
6/26/2020,21,1.992630768
6/27/2020,21,2.000048663
6/28/2020,21,2.007466558
6/29/2020,21,2.014884453
6/30/2020,21,2.022302348
7/1/2020,21,2.029720243
7/2/2020,21,2.037138138
7/3/2020,21,2.044556033
7/4/2020,21,2.051973928
7/5/2020,21,2.059391823
7/6/2020,21,2.066809718
7/7/2020,21,2.074227613
7/8/2020,21,2.081645508
7/9/2020,21,2.089063403
7/10/2020,21,2.098330791
7/11/2020,20.96111111,2.099999905
7/12/2020,21,2.099999905
7/13/2020,20.95069444,2.099999905
7/14/2020,21,2.099999905
7/15/2020,21,2.099999905
7/16/2020,21,2.099999905
7/17/2020,21,2.099999905
7/18/2020,21,2.099999905
7/19/2020,21,2.099999905
7/20/2020,21,2.099999905
7/21/2020,21,2.099999905
7/22/2020,21,2.099999905
7/23/2020,21,2.099999905
7/24/2020,21,2.099999905
7/25/2020,21,2.099999905
7/26/2020,21,2.099999905
7/27/2020,21,2.099999905
7/28/2020,21,2.099999905
7/29/2020,21,2.099999905
7/30/2020,21,2.099999905
7/31/2020,21,2.099999905
8/1/2020,21,2.099999905
8/2/2020,21,2.099999905
8/3/2020,21,2.099999905
8/4/2020,21,2.099999905
8/5/2020,21,2.099999905
8/6/2020,21,2.099999905
8/7/2020,21,2.099999905
8/8/2020,21,2.099999905
8/9/2020,21.02561508,2.103358701
8/10/2020,21.08002146,2.110492779
8/11/2020,21.13442784,2.117626857
8/12/2020,21.18883422,2.124760934
8/13/2020,21.24324061,2.131895012
8/14/2020,21.29764699,2.13902909
8/15/2020,21.35205337,2.146163168
8/16/2020,21.40645975,2.153297246
8/17/2020,21.46086613,2.160431323
8/18/2020,21.51527251,2.167565401
8/19/2020,21.5696789,2.174699479
8/20/2020,21.62408528,2.181833557
8/21/2020,21.67849166,2.188967634
8/22/2020,21.73289804,2.196101712
8/23/2020,21.78730442,2.20323579
8/24/2020,21.8417108,2.210369868
8/25/2020,21.89611719,2.217503945
8/26/2020,21.95052357,2.224638023
8/27/2020,22.00492995,2.231772101
8/28/2020,22.05933633,2.238906179
8/29/2020,22.11374271,2.246040257
8/30/2020,22.16814909,2.253174334
8/31/2020,22.22255548,2.260308412
9/1/2020,22.27696186,2.26744249
9/2/2020,22.33136824,2.274576568
9/3/2020,22.38577462,2.281710645
9/4/2020,22.440181,2.288844723
9/5/2020,22.49458738,2.295978801
9/6/2020,22.54899377,2.303112879
9/7/2020,22.60340015,2.310246957
9/8/2020,22.65780653,2.317381034
9/9/2020,22.71221291,2.324515112
9/10/2020,22.76661929,2.33164919
9/11/2020,22.82102567,2.338783268
9/12/2020,22.87543206,2.345917345
9/13/2020,22.92983844,2.353051423
9/14/2020,22.99543756,2.360185501
9/15/2020,23.13426959,2.367319579
9/16/2020,23.32327077,2.374453656
9/17/2020,23.51227195,2.381587734
9/18/2020,23.70127313,2.388721812
9/19/2020,23.54706203,2.397592715
9/20/2020,23,2.395723456
9/21/2020,23,2.385519046
9/22/2020,23,2.375314637
9/23/2020,23,2.365110227
9/24/2020,23,2.354905817
9/25/2020,23,2.344701408
9/26/2020,23,2.334496998
9/27/2020,23,2.324292589
9/28/2020,23,2.314088179
9/29/2020,23,2.301478688
9/30/2020,23,2.326925184
10/1/2020,23,2.371748692
10/2/2020,23,2.416572199
10/3/2020,23.03194444,2.461395707
10/4/2020,23,2.506219214
10/5/2020,23,2.551042721
10/6/2020,23,2.595866229
10/7/2020,23,2.640689736
10/8/2020,24.08888889,2.685513244
10/9/2020,25,2.730336751
10/10/2020,25,2.655505476
10/11/2020,25,2.497866883
10/12/2020,25,2.492971761
10/13/2020,25,2.48807664
10/14/2020,25,2.483181518
10/15/2020,25,2.478286397
10/16/2020,25,2.473391275
10/17/2020,25,2.468496154
10/18/2020,25,2.463601032
10/19/2020,25,2.458705911
10/20/2020,25,2.453810789
10/21/2020,25,2.448915668
10/22/2020,25,2.444020546
10/23/2020,25,2.439125425
10/24/2020,25,2.434230303
10/25/2020,25,2.429335182
10/26/2020,25,2.42444006
10/27/2020,25,2.419544939
10/28/2020,25,2.414649817
10/29/2020,25,2.409754696
10/30/2020,25,2.404859574
10/31/2020,23.27708333,2.399964453
11/1/2020,23,2.395069331
11/2/2020,23,2.39017421
11/3/2020,23,2.385279088
11/4/2020,23,2.380383966
11/5/2020,23,2.375488845
11/6/2020,23,2.370593723
11/7/2020,23,2.365698602
11/8/2020,23,2.36080348
11/9/2020,23,2.355908359
11/10/2020,23,2.351013237
11/11/2020,23,2.346118116
11/12/2020,23,2.341222994
11/13/2020,23,2.336327873
11/14/2020,23,2.331432751
11/15/2020,23,2.32653763
11/16/2020,23,2.321642508
11/17/2020,23,2.316747387
11/18/2020,23,2.311852265
11/19/2020,23,2.306957144
11/20/2020,23,2.300868599
11/21/2020,23,2.307267481
11/22/2020,23,2.319824766
11/23/2020,23,2.33238205
11/24/2020,23,2.344939335
11/25/2020,23,2.35749662
11/26/2020,23,2.370053904
11/27/2020,23,2.382611189
11/28/2020,23,2.395168474
11/29/2020,23,2.407725758
11/30/2020,23,2.420283043
12/1/2020,23,2.432840328
12/2/2020,23,2.445397612
12/3/2020,23,2.457954897
12/4/2020,23,2.470512182
12/5/2020,23,2.483069467
12/6/2020,23,1.526145802
12/7/2020,23,2.311524326
12/8/2020,23,2.328892299
12/9/2020,23,2.346260272
12/10/2020,23,2.363628245
12/11/2020,23,2.380996218
12/12/2020,23,2.398364191
12/13/2020,23,2.415732163
12/14/2020,23,2.433100136
12/15/2020,23,2.450468109
12/16/2020,23,2.467836082
12/17/2020,23,2.485204055
12/18/2020,23,2.502572028
12/19/2020,23,2.519940001
12/20/2020,23,2.537307974
12/21/2020,23,2.554675947
12/22/2020,23,2.57204392
12/23/2020,23,2.589411892
12/24/2020,24.58055556,2.606779865
12/25/2020,25,2.624147838
12/26/2020,25,2.641515811
12/27/2020,25,2.658883784
12/28/2020,25,2.676251757
12/29/2020,25.05555556,2.697656167
12/30/2020,25.24097222,2.700000048
12/31/2020,24.75944138,2.700000048
