Timestamp,mean_Temp,mean_pH,mean_Conductivity,mean_Turbidity
2018-02-05,8.1199922564,8.405587196399999,0.3776496052,2.1655202866
2018-02-06,8.089372158333333,8.402880668333333,0.3770694783333333,2.3069203296666667
2018-02-07,8.132462660666667,8.413393020833333,0.3777353961666667,2.413933476
2018-02-08,8.114056746166666,8.414624691,0.3786033738333333,2.073987802
2018-02-09,8.173199017833333,8.429947853166667,0.3789838155,2.027258277
2018-02-10,7.9162960049999995,8.419260978833332,0.378573522,2.0147746006666667
2018-02-11,8.070680459333333,8.412735303,0.37592806916666666,2.063999573333333
2018-02-12,8.333076794833334,8.439798355,0.3720934341666667,1.8628145258333333
2018-02-13,8.3920052845,8.440135796833333,0.36940026766666667,1.8613884448333333
2018-02-14,8.445511818,8.4547430675,0.36828244716666664,1.8474767805
2018-02-15,8.4821101825,8.437239011166668,0.36673668516666663,1.7986074091666666
2018-02-16,8.57992061,8.433805783666667,0.3661659706666667,1.7565151056666668
2018-02-17,8.6566847165,8.434142589666667,0.36381178599999997,1.7971803943333333
2018-02-18,8.732878843833333,8.429248809666667,0.36375224566666664,1.8489032786666666
2018-02-19,8.730310122166667,8.421949545333334,0.36328852166666664,1.8442655605
2018-02-20,8.676517963666667,8.404241720666667,0.3637046961666667,1.8678088981666665
2018-02-21,8.760273615666666,8.3882983525,0.3637165821666667,1.8364191055
2018-02-22,8.533120314333333,8.401049931666666,0.363312299,1.7875497536666667
2018-02-23,8.675662040999999,8.376562595166666,0.363859236,1.8046711881666666
2018-02-24,8.625080585333333,8.421857833833334,0.3647868833333333,1.7879058916666666
2018-02-25,8.937630176499999,8.377661387,0.363859236,1.7625793816666666
2018-02-26,8.977296352666666,8.395976543333333,0.36332418499999997,1.948426207
2018-02-27,9.0278066,8.4162893295,0.364180406,2.7417506376666667
2018-02-28,9.100004832,8.429806550166667,0.36429918299999997,2.2052575946666666
2018-03-01,9.3414270085,8.411570230999999,0.3641505191666667,1.5160923201666667
2018-03-02,9.281642278166666,8.406626542666666,0.35963232316666666,1.6323804855000001
2018-03-03,9.072110176166667,8.429015636333334,0.35487026,1.5663887066666666
2018-03-04,9.153511206166666,8.435740788833334,0.35009046416666667,1.5064616998333333
2018-03-05,8.999412695666667,8.418112437,0.35479889816666665,2.3372406761666666
2018-03-06,8.926643371499999,8.388373375,0.35588087133333335,2.881938219
2018-03-07,8.8299037615,8.381506443,0.3563980858333333,2.4446105161666667
2018-03-08,9.145521005,8.370170434166667,0.35729577166666665,2.3582865793333334
2018-03-09,9.204307079333333,8.3670077325,0.35758107916666665,2.2530570428333334
2018-03-10,9.3449937505,8.349245866,0.358080566,2.3001432815
2018-03-11,9.249466737166667,8.346074581,0.355476737,2.195269386
2018-03-12,9.477404753333333,8.346365769666667,0.35563127683333334,2.090397497
2018-03-13,9.551172892333334,8.336244901,0.3553339838333333,2.028685847833333
2018-03-14,9.614381631166667,8.328429381,0.3555956135,2.0732740163333334
2018-03-15,9.7385168075,8.320205847333334,0.35526265700000004,2.03653425
2018-03-16,9.711692333166667,8.298365751833334,0.36223042483333334,2.0251184503333333
2018-03-17,9.931569098833332,8.2953281405,0.3643467375,2.139979620666667
2018-03-18,10.0238858845,8.285472869833335,0.3652504581666667,2.1046648421666667
2018-03-19,10.197247346666666,8.267569542,0.3630744415,2.1310617526666666
2018-03-20,10.067832311,8.279580434166666,0.36236107316666666,1.9965822695
2018-03-21,10.238269171666666,8.271573225500001,0.36567851883333335,1.956629773
2018-03-22,10.547964891666666,8.273820400166667,0.3648343035,1.898485919
2018-03-23,10.921084563333334,8.218087832166667,0.360934377,1.8574640153333333
2018-03-24,10.818066913333332,8.270574092833334,0.3608486652,2.1674464346666666
2018-03-25,10.644133886666667,8.288768927166666,0.3751313685,1.9751787185
2018-03-26,10.740303356666667,8.257656733166666,0.37427524700000003,2.045808216166667
2018-03-27,10.743157545,8.243698596833333,0.375095606,1.8182262778333333
2018-03-28,10.837328911666667,8.230755965,0.3737341511666667,2.1403367518333334
2018-03-29,10.90417687,8.206319014333333,0.37418004383333336,1.8007477125
2018-03-30,10.795807838333333,8.1941339175,0.3740968801666667,1.7518773673333334
2018-03-31,10.706059138333334,8.199127515166667,0.3733120361666667,1.6505723196666666
2018-04-01,10.976374943333333,8.151385466333334,0.3738235086666667,1.5321438511666665
2018-04-02,11.025711693333333,8.135791619333334,0.37598758916666664,1.5396351616666666
2018-04-03,11.025429090000001,8.1356544495,0.37466169883333333,1.5353550513333334
2018-04-04,11.025342306666667,8.135592142833334,0.37413249416666666,1.5064612028333333
2018-04-05,11.025642871666667,8.1356544495,0.3728839756666667,1.4904096723333333
2018-04-06,11.025427341666667,8.1357208885,0.370708307,1.4294122658333333
2018-04-07,11.025464216666666,8.135679403833334,0.3710649415,1.6056264439999999
2018-04-08,11.02570041,8.135787486833333,0.36809235816666663,1.6445085403333333
2018-04-09,11.025550685,8.135804176,0.3671172608333333,1.628099382
2018-04-10,11.025506495,8.135804176,0.3685202848333333,1.5424897275
2018-04-11,11.025467555,8.135804176,0.3687106571666667,1.801818629
2018-04-12,11.025578816666666,8.1358501115,0.3672361375,1.4408270518333333
2018-04-13,11.026015598333334,8.135904312000001,0.3650900225,1.4629423618333333
2018-04-14,11.025613623333333,8.135804176,0.3632171945,1.850330333
2018-04-16,11.025597384000001,8.135804176,0.3618974088,1.516163945
2018-04-17,11.025365673333333,8.1360294025,0.3621234148333333,1.4982571205
2018-04-18,11.025572935,8.135829130500001,0.3648759425,1.7568712233333335
2018-04-19,11.025657655,8.135841687166668,0.36439433683333333,2.6358072956666665
2018-04-20,11.025606790000001,8.135862509166667,0.36699861316666665,1.5778029958333333
2018-04-21,11.025741258333333,8.135804176,0.36557748916666666,1.4515280725
2018-04-22,9.419332504333333,8.115428765666667,0.3662851455,1.6338070235
2018-04-23,9.620089213166667,8.134605725666667,0.36574994516666665,1.2185961006666666
2018-04-24,9.527058760333333,8.104292551666667,0.36453704033333334,1.1397629975
2018-04-25,9.524847666333333,8.113331635833333,0.36464408016666666,0.9885177016666666
2018-04-26,9.9302846595,8.138501167166666,0.3649294375,0.9578401843333334
2018-04-27,9.914803186833334,8.148039341166667,0.364073316,1.0195513565
2018-04-28,10.248399576666667,8.187541644,0.36492349216666664,0.9524896741666666
2018-04-29,10.674954095,8.138101418833333,0.365714232,0.9168182810000001
2018-04-30,10.518573125,8.031630357333334,0.36509599783333335,1.048087577
2018-05-01,10.454435191666667,8.012153705,0.36642765,1.0523681838333334
2018-05-02,10.71105369,8.044065634333334,0.36702205716666664,1.0034993291666667
2018-05-03,10.539831956666667,8.003414631,0.366285046,0.9564136466666666
2018-05-04,10.874569418333333,8.103293577666667,0.36719463783333334,0.933940212
2018-05-05,11.040226301666667,8.099548339833333,0.36806838216666665,1.0709176461666667
2018-05-06,11.008978366666668,8.065889040666667,0.36792576316666664,1.2760261695000001
2018-05-07,11.010547798333334,8.062543074499999,0.3679258625,1.2432088454999999
2018-05-08,11.21694056,8.114679654333333,0.3714216751666667,1.3894602655
2018-05-09,12.77659893,7.818438847833334,0.37199229,1.517518878
2018-05-10,10.901822248333334,8.011704445,0.3723253161666667,1.2014736733333333
2018-05-11,10.36568562,8.047910928666667,0.37295540183333337,1.1814971766666666
2018-05-12,10.333511353166667,8.031322638166667,0.37484596150000005,1.34451439
2018-05-13,10.458360036666667,8.066588004666666,0.3751313683333333,1.2100343903333333
2018-05-14,10.297126451666667,7.980267763166667,0.37448932700000004,1.094103853
2018-05-15,10.286567212333333,7.9089540640000005,0.37652254116666667,1.5185892381666668
2018-05-16,9.822629292666667,7.679806629833333,0.378389294,1.2485598523333334
2018-05-17,9.853377818833334,7.674113671,0.3789659836666667,1.1804277698333334
2018-05-18,9.813140710166667,7.648594459166667,0.37890058233333335,1.2086073556666665
2018-05-19,9.8756370545,7.646222511833333,0.37915034599999997,1.1640196045
2018-05-20,9.833830356666667,7.627411683333333,0.3794297675,1.138335963
2018-05-21,9.882770697166666,7.610340674833333,0.37976863466666666,1.1918425558333334
2018-05-22,9.946931043333333,7.6118222871666665,0.38137391183333336,1.2820904453333333
2018-05-23,9.9659557345,7.578953822333333,0.38103510916666666,1.2678215901666667
2018-05-24,10.745725153333334,7.585296313,0.37831796716666666,1.3637771208333334
2018-05-25,10.633576073333334,7.558303912666667,0.37641555066666665,1.2856572866666667
2018-05-26,10.404281933333333,7.5498640535,0.377913614,1.239284873
2018-05-27,10.22920847,7.53962636,0.37716453266666666,1.2175257006666667
2018-05-28,10.242478371666667,7.5170040925,0.377533103,1.1693696181666666
2018-05-29,10.277292886666666,7.505817333666666,0.377628207,1.1269206801666667
2018-05-30,10.29627053,7.490436077,0.3773726175,1.1212135356666666
2018-05-31,10.302548408333333,7.468662341166667,0.377699534,1.1155058941666667
2018-06-01,10.329087098333334,7.453206380166667,0.377628207,1.1347691218333333
2018-06-02,10.40171353,7.459923108166667,0.3777709105,1.1593813696666666
2018-06-03,10.431534766666667,7.447213649666667,0.37885301816666667,1.2093211215
2018-06-04,10.443520545,7.434953371833333,0.3791978956666667,1.2228762108333333
2018-06-05,10.732313791666666,7.389633258166667,0.3776638705,1.2917210656666667
2018-06-06,11.02567164,7.342140754,0.3798815705,1.3034929831666666
2018-06-07,10.887838523333333,7.316646655333333,0.3793167571666667,1.3940975070000001
2018-06-08,10.883701801666668,7.306991815666667,0.37948320283333337,1.400518914
2018-06-09,10.949193320000001,7.306234200666666,0.38140962483333335,1.4807790518333332
2018-06-10,10.939776101666666,7.303487618666667,0.3821942208333333,1.5460565686666667
2018-06-11,10.995565573333334,7.301464875333334,0.3826222816666667,1.5849376718333332
2018-06-12,11.011689186666667,7.294049104,0.3830027928333333,1.5924279886666666
2018-06-13,11.125979265,7.290711402833333,0.38478639216666666,1.6363039613333332
2018-06-14,11.127976576666667,7.272408564666667,0.38549979516666666,1.7964676023333332
2018-06-15,11.0593462,7.254197598,0.384905338,1.879581809
2018-06-16,11.267037392,7.2555556296,0.384905338,1.9416481258
2018-06-17,11.237178165,7.2409133115,0.38483401116666666,2.0397434435
2018-06-18,11.333013693333333,7.2352618374999995,0.38538084916666665,2.046164334
2018-06-19,11.37881597,7.221428871,0.38711686933333334,2.0540127951666665
2018-06-20,11.332871118333333,7.208402633666666,0.38671241716666666,2.177434683
2018-06-21,11.431609151666667,7.2074457008333335,0.3874020775,2.1082316635000002
2018-06-22,11.486256918333334,7.199863116,0.386831264,2.0761281051666667
2018-06-23,11.628941059999999,7.191897630666666,0.38725942383333334,2.1050219338333336
2018-06-24,11.66803662,7.179945548333333,0.387200152,2.070064803
2018-06-25,11.77290948,7.172034263666667,0.38730699316666667,2.028328657
2018-06-26,11.874072711666667,7.1679101785,0.38718819616666666,1.9234562913333333
2018-06-27,11.788605213333334,7.162757873666666,0.38734275583333333,1.9637639123333335
2018-06-28,11.88991054,7.155716419333333,0.386260748,1.7668599883333334
2018-06-29,12.006626768333334,7.151072025333334,0.3855473795,1.6912375886666666
2018-06-30,12.173139253333334,7.133393367166667,0.38567227616666666,1.7643630505
2018-07-01,12.343362013333333,7.126177151833334,0.3855652113333333,1.761509478
2018-07-02,11.746655461666666,7.129598140666666,0.385047992,1.6812488436666666
2018-07-03,11.747226556666666,7.120134592166667,0.38629651066666665,1.721915106
2018-07-04,11.837688445,7.111070871333333,0.3868376116666667,1.6655539475
2018-07-05,11.886486373333334,7.105053027333334,0.38693860150000003,1.706219713
2018-07-06,11.949409961666667,7.093167463666666,0.387045741,1.7714972298333334
2018-07-07,12.033022881666666,6.963549455166667,0.386617581,1.711926361
2018-07-08,12.05185779,6.9096895855,0.38676033416666666,1.822506388
2018-07-09,12.08410422,6.897853851333333,0.3868552695,1.7797018088333334
2018-07-10,12.132902461666667,6.898128747833334,0.38573765266666665,1.7907594641666666
2018-07-11,12.17813285,6.897138039166666,0.38322875883333335,1.8324951331666666
2018-07-12,12.309117636666667,6.896555423833333,0.3826936085,1.9284501473333333
2018-07-13,12.32631127,6.898752768833333,0.382069498,1.8506869673333335
2018-07-14,12.347499368333335,6.8972046375,0.381552378,1.775064071
2018-07-15,12.404144288333333,6.8919943175,0.38159982833333334,1.7879053948333334
2018-07-16,12.428116003333333,6.885735432333333,0.381481051,1.8203665815
2018-07-17,12.554248648333333,6.878602107666667,0.382336974,1.8795808356666668
2018-07-18,12.620026428333333,6.870587031166667,0.3829076885,1.79896454
2018-07-19,12.688371818333334,6.868976275,0.3829789161666667,1.7219146093333333
2018-07-20,12.792294183333333,6.861198266333333,0.38326442233333335,1.6862432163333332
2018-07-21,12.888130186666666,6.853207985666667,0.384405752,1.6816059748333334
2018-07-22,13.000708105,6.8445685705,0.3851014873333333,1.6373743615
2018-07-23,13.06905349,6.8348050911666665,0.38491712533333333,1.6805360715
2018-07-24,13.123416583333334,6.8322333495,0.38676033416666666,1.776134471
2018-07-25,13.210026424999999,6.824143171333334,0.3854760528333333,1.917748153
2018-07-26,13.325600783333332,6.8167019685,0.38516686866666666,1.9295200705
2018-07-27,13.43503952,6.804317474166667,0.3854760526666667,1.9006267191666666
2018-07-28,13.491256395,6.790833632,0.3855473798333333,1.879580319
2018-07-29,13.571017585,6.782893260333333,0.38586845016666665,1.9373675188333332
2018-07-30,13.634227276666667,6.775777022166666,0.3845960546666667,1.9708986281666667
2018-07-31,13.61325248,6.761768818,0.3839420278333333,1.9141818285
2018-08-01,13.730253058333334,6.758647680166667,0.38403719666666664,1.9099016983333332
2018-08-02,13.619815506666667,6.756075620666667,0.38589823733333334,1.8499736983333332
2018-08-03,13.661764463333334,6.755676110333333,0.385951663,1.8799369533333334
2018-08-04,13.755080225,6.742642084666667,0.387045741,1.8820777338333334
2018-08-05,13.502895673333333,6.723415454166667,0.38659370433333334,1.8485471606666666
2018-08-06,13.348714988333333,6.711255153,0.387616356,1.8731593885
2018-08-07,13.49696398,6.7016916275,0.38725962233333333,2.0475913683333333
2018-08-08,13.729396501666667,6.704804420333334,0.387408321,2.0878996053333334
2018-08-09,13.845541636666667,6.703872283333333,0.386712715,2.3029958406666666
2018-08-10,14.07683293,6.708857854166666,0.3874973803333333,2.2787401676666668
2018-08-11,14.249766511666667,6.708183765499999,0.38583278649999997,2.2006198963333334
2018-08-12,13.462862491666666,6.673925161333333,0.3861895205,2.2031178078333333
2018-08-13,13.521505516666666,6.6727599301666665,0.385951633,2.2191693385
2018-08-14,13.463433581666667,6.664569934166667,0.3936803836666667,2.2255907456666666
2018-08-15,13.331378776666666,6.646133899833333,0.3973664195,2.8402030071666666
2018-08-16,13.471851825,6.642995993333333,0.3966767586666667,2.8441260258333334
2018-08-17,13.45786842,6.635059674666667,0.39611783116666666,2.8591076533333335
2018-08-18,13.585143723333333,6.636420885833333,0.3958205381666667,2.9004867075
2018-08-19,13.557890573333333,6.631718079333334,0.3965875506666667,2.9372279645
2018-08-20,13.507664996666666,6.626703262333333,0.39665285266666667,3.0467381081666667
2018-08-21,13.594275,6.626207907833333,0.3951071201666667,2.9450754325
2018-08-22,13.658483028333332,6.626070658333333,0.394322276,2.916182120666667
2018-08-23,13.779764651666667,6.622487703833333,0.39532125,2.703939318666667
2018-08-24,13.8155783,6.6216052371666665,0.3943937023333334,2.741036852333333
2018-08-25,13.934220156666667,6.6264201798333335,0.3944411525,2.5084619523333336
2018-08-26,13.993362743333334,6.618883450666667,0.3945362565,2.5459165573333333
2018-08-27,14.124275366666666,6.6250844795,0.3948929905,2.5548338888333335
2018-08-28,14.138758181666667,6.623923381166667,0.39489299033333336,2.3639942805
2018-08-29,14.283867676666667,6.625250736833333,0.3951071698333333,2.4221381346666666
2018-08-30,14.452021440000001,6.625488202,0.395130843,2.4827787878333334
2018-08-31,14.475921788333332,6.620739618833333,0.3948395201666667,2.508105357333333
2018-09-01,14.52914238,6.619341373,0.39446494,2.519521236
2018-09-02,14.604992678,6.6160451888,0.3951784372,2.4621611598
2018-09-03,14.678818861666667,6.611800432333333,0.39617727183333334,2.5173788071666667
2018-09-04,14.822073143333334,6.609303474333333,0.3964626788333333,2.740323543666667
2018-09-05,14.763145128333333,6.602561632833334,0.3966767588333333,2.8480499981666667
2018-09-06,14.824213506666666,6.597168048,0.3975329795,2.9821743566666665
2018-09-07,14.830634753333333,6.592074394166667,0.39739012716666666,2.897276481
2018-09-08,15.016409398333334,6.592174053166667,0.39646267883333336,2.829502026
2018-09-09,15.176929156666667,6.590276559,0.3956064578333333,2.798467397833333
2018-09-10,15.289506435,6.586480935333333,0.39703349233333335,2.812379559
2018-09-11,15.30020793,6.582935412666666,0.39788971316666666,2.8148755231666667
2018-09-12,15.403797785,6.5838841598333335,0.39674808566666664,2.601562937166667
2018-09-13,15.544483501666667,6.583384831666667,0.3960346181666667,2.5180931091666667
2018-09-14,15.304631233333334,6.5775420664999995,0.3976043063333333,2.4438967706666666
2018-09-15,15.359279633333333,6.5771425565,0.39817502083333334,2.3889631035
2018-09-16,15.430050531666666,6.575244585666667,0.39817512,2.5070344608333333
2018-09-17,15.45958678,6.575993935333333,0.39817512,2.2930086055
2018-09-18,15.583008288333334,6.586031834166667,0.39931635066666665,2.1192903915
2018-09-19,15.645647050000001,6.5838843185,0.39903104300000003,2.292650978
2018-09-20,15.707142988333334,6.580638408666667,0.399886966,2.517022649666667
2018-09-21,15.761506876666667,6.583834409833333,0.4006004335,2.3340299526666666
2018-09-22,15.889352001666666,6.596868515,0.39995849133333333,2.4328390756666667
2018-09-23,15.974534193333334,6.596369186833333,0.4012425743333333,2.5790905155
2018-09-24,16.073271751666667,6.608504215833333,0.40060053283333336,2.446037014333333
2018-09-25,16.233221053333335,6.631127039666667,0.40067176033333335,2.663987875
2018-09-26,16.42769940666667,6.692552646,0.40102859350000003,2.540922204666667
2018-09-27,16.556971231666665,6.708583275333333,0.40152798116666666,2.496690114333333
2018-09-28,16.752306304999998,6.800721963166667,0.40159930816666667,2.4267753363333333
2018-09-29,16.887998898333333,6.928716580166666,0.4007431866666667,2.2034739256666667
2018-09-30,16.91781934,7.011466185333333,0.39960165833333333,2.4278451601666666
2018-10-01,16.863029163333334,7.062354564666666,0.40138522816666666,1.8710196016666667
2018-10-02,16.772567113333334,7.168825864833333,0.4003865521666667,1.4832749963333334
2018-10-03,16.695518175,7.2305509248333335,0.4023841026666667,1.20361348
2018-10-04,16.178858436666665,7.2736486595,0.403168897,0.9960085151666667
2018-10-05,16.098954675,7.306708733333333,0.40224144883333335,0.7812688748333333
2018-10-06,15.57787196,7.356548309333333,0.4058797158333334,0.6631970406666666
2018-10-07,15.474995611666667,7.4214196205,0.40580838900000005,0.5708093443333333
2018-10-08,15.825428166666667,7.467913389166666,0.40552298200000003,0.48305839283333335
2018-10-09,15.81287241,7.511410633666667,0.40559430900000004,0.4366859793333333
2018-10-10,15.737963516666667,7.558104197166667,0.405736963,0.4013717173333333
2018-10-11,15.693446318333333,7.6202286085,0.405736963,0.3942375381666667
2018-10-12,15.659915291666668,7.696885983166666,0.40530900150000004,0.5711654823333333
2018-10-13,15.665622713333335,7.742530664,0.40552298200000003,0.5283604068333333
2018-10-14,15.657489778333334,7.798013528333334,0.405023694,0.42669822766666665
2018-10-15,14.18484513,7.7885249456666665,0.3989596166666667,1.8036018211666667
2018-10-16,12.61974144,7.777488231833333,0.39175421,2.0532990495
2018-10-17,12.60276095,7.806703170166667,0.39175421,1.7622232236666666
2018-10-18,12.385452905,7.8536464373333335,0.39082666216666667,1.9387945731666667
2018-10-19,12.30811882,7.8549444675,0.390897989,2.1093025605
2018-10-20,12.177419978333333,7.8422098955,0.39139747616666665,1.8428390024999999
2018-10-21,12.13718287,7.874770641333334,0.392610232,1.964477678
2018-10-22,12.080822786666667,7.847653548,0.3936802345,2.0030026835
2018-10-23,12.168859163333334,7.922812302833333,0.3923249245,2.018341402
2018-10-24,12.085816858333333,7.915221293666667,0.39189686383333333,1.7764906088333334
2018-10-25,11.92586692,7.9000397525,0.3909694155,1.8567507465
2018-10-26,11.86765194,7.922762473333333,0.39104074233333336,1.762579878
2018-10-27,11.888769466666666,7.936995268,0.39175421,1.7144232988333334
2018-10-28,11.873501776666666,7.931951363833333,0.39096941550000003,1.6052703063333333
2018-10-29,11.9120272,7.896943887,0.391183396,1.7896895608333334
2018-10-30,11.678310236666666,7.8889033795,0.39004186766666665,2.0821929375
2018-10-31,11.42533064,7.919116894166667,0.39139747616666665,1.7871926226666666
2018-11-01,11.374249935,7.938743034833333,0.38982778766666665,1.7104993463333333
2018-11-02,11.279079438333333,7.9462339085,0.39075533533333334,1.7140671611666667
2018-11-03,11.199175993333334,7.950329065166667,0.390897989,1.6074106096666667
2018-11-04,10.993915557142858,7.9523407391428576,0.387656944,1.6099069798571428
2018-11-06,10.611859704,7.9571306228,0.3864035608,1.6398709772
2018-11-07,10.42325894,7.961257219166667,0.38711706783333333,1.499327024
2018-11-08,10.297268391666666,7.972751776333333,0.387045741,1.429411272
2018-11-09,10.056132317333333,7.978020588333333,0.3868494926666667,1.4864852031666667
2018-11-10,9.876920382166666,7.990555445333333,0.38676033416666666,1.4568785828333333
2018-11-11,9.667032241833333,7.9679077465,0.38685543833333336,1.7604385811666667
2018-11-12,9.373173713666667,8.005795002166666,0.383924246,1.5710254511666668
2018-11-13,8.982290585833333,8.0125284195,0.38586845016666665,1.6345197955
2018-11-14,8.968735536,8.019761562333333,0.3861181935,1.5695984165
2018-11-15,8.944193840166667,8.094654242166667,0.3849054375,1.2143154938333334
2018-11-16,8.931780020333333,8.107097466833334,0.38554737966666663,1.2303670246666667
2018-11-17,8.720321814,8.075352509833333,0.3803394236666667,1.2952884038333334
2018-11-18,8.5693623225,8.0692599615,0.3813382981666667,1.249629756
2018-11-19,8.481183052,8.128475984000001,0.38140962500000003,1.1861349146666667
2018-11-20,8.409626483833334,8.147265275333332,0.3823131966666667,1.2674649556666666
2018-11-21,8.4627052945,8.175456206166666,0.3812907781666667,1.2218063076666668
2018-11-22,8.383729616833334,8.173828760833333,0.38039291883333337,1.2995690108333333
2018-11-23,8.312673091833334,8.170761744166667,0.3760411095,1.4515275758333335
2018-11-24,8.246039549333334,8.205170472333334,0.375060141,1.490409672
2018-11-25,8.035223325166667,8.209065755333333,0.37536932533333334,2.1381959118333334
2018-11-26,7.9214324949999995,8.242008686,0.375630955,1.7372538645
2018-11-27,7.847664912666667,8.2463704745,0.37573789566666665,1.7005115748333333
2018-11-28,7.947900851833333,8.258755366,0.37548810233333335,1.6181121268333334
2018-11-29,8.112486521333334,8.318083604,0.3702443836666667,1.5260805686666667
2018-11-30,8.197241306333334,8.3342140515,0.3583421706666667,1.6794656716666667
2018-12-01,7.913299640166667,8.2903172175,0.357937813,1.7939701678333333
2018-12-02,7.0694651605,8.3160359065,0.3590081133333333,1.5984922646666666
2018-12-03,6.780386368333334,8.346274375833334,0.3579378128333333,1.5257244308333333
2018-12-04,7.150509595833333,8.359520435166667,0.3578783721666667,1.4964734515
2018-12-05,6.459917386333333,8.364402135,0.3594718376666667,1.5414188305
2018-12-06,5.9274195034999995,8.376712481,0.3583838045,1.5731662511666666
2018-12-07,5.951533556,8.3984360695,0.3571886818333333,1.4732867478333334
2018-12-08,5.773035367166667,8.4250535965,0.355547915,1.4654392996666668
2018-12-09,5.728802998666667,8.4277507465,0.354584853,1.5057484308333333
2018-12-10,5.738078038,8.421557744166666,0.35401413866666664,1.4483178656666666
2018-12-11,5.665308714,8.414241949666668,0.35313421,1.4604459206666667
2018-12-12,5.771893898666667,8.412818272833334,0.35244454933333336,1.5278637408333333
2018-12-13,5.643049955333334,8.410546143833333,0.353895292,1.5153785548333334
2018-12-14,5.425384918833333,8.419385751,0.3567965828333333,1.3741220036666666
2018-12-15,5.5152047475,8.411299705333333,0.36892463783333335,1.400518914
2018-12-16,5.708113908833333,8.408881505166667,0.3700007845,1.3648470245
2018-12-17,5.783308664833333,8.406451543166666,0.3700662651666667,1.3248955208333333
2018-12-18,5.826898892833333,8.405277569999999,0.3702089191666667,1.2018303075
2018-12-19,5.935124476833334,8.385651429333333,0.37042299900000003,1.3184751075
2018-12-20,5.999475081666667,8.385102113,0.37042299900000003,1.2432083486666667
2018-12-21,6.1559998195,8.385701656166667,0.3712432585,1.2014731765
2018-12-22,6.249600887333333,8.362279574166667,0.37127892166666665,1.4665092031666667
2018-12-23,6.063112576666667,8.3502696355,0.37174264583333333,1.4550949136666667
2018-12-24,6.069818496666667,8.350843588333333,0.37023269633333333,1.3188312453333333
2018-12-25,6.004041036,8.343785286,0.36846081433333333,1.3348837693333333
2018-12-26,6.127748410166666,8.327097415833332,0.36633240166666664,1.3844663898333334
2018-12-27,6.178972085333333,8.297017256333334,0.3638593355,1.4515275756666666
2018-12-28,6.025871674333334,8.277832349,0.3651078543333333,1.4087224999999999
2018-12-29,5.784592390166667,8.268793265166666,0.3640912473333333,1.3248950241666666
2018-12-30,5.688137849,8.268194039666668,0.3631636996666667,1.3145511349999999
2018-12-31,5.6673061848333335,8.2461830775,0.3634550523333333,1.3502225278333333
2019-01-01,5.4562761785,8.224904696166666,0.36052410783333333,1.3801862795
2019-01-02,5.499081691333333,8.220135529833334,0.36191515616666664,1.4682933688333333
2019-01-03,5.566856304666667,8.238105615166667,0.3627177825,1.400161783
2019-01-04,5.683714866833333,8.222174485666667,0.362040028,1.3916005691666666
2019-01-05,5.759194930333333,8.215844790166667,0.35913878183333336,1.4900520443333334
2019-01-06,5.877052068833333,8.205320040333334,0.35639210066666666,1.569242279
2019-01-07,5.986633698333334,8.174240907166666,0.35456702133333334,1.7704273261666668
2019-01-08,5.8990256785,8.16521883,0.3550486765,1.1618788043333335
2019-01-09,6.1090567905,8.160178979166666,0.35626128316666666,1.0017156601666666
2019-01-10,6.150435209166667,8.191091696333332,0.3550664336666667,0.9125381708333333
2019-01-11,6.253453175333333,8.159413337666667,0.3533720475,0.9150351086666667
2019-01-12,6.122754494166666,8.153133551166666,0.3518798203333333,0.935010612
2019-01-13,6.034004688333334,8.1592758495,0.3505898516666667,0.9303733705
2019-01-14,6.189815998,8.145417690333332,0.3487348556666667,0.8568917711666667
2019-01-15,6.243750810666667,8.145317713666666,0.34837814666666667,0.8326351641666667
2019-01-16,6.3205149175,8.142546176833333,0.34737924766666667,0.9235953290000001
2019-01-17,6.3784448305,8.132358709833333,0.3475576143333333,0.8625989158333334
2019-01-18,6.452783346,8.128962675666667,0.3476646545,0.846189757
2019-01-19,5.112264354833333,8.167415936833333,0.3482711315,0.8732999365
2019-01-20,3.836095730333333,8.210497220499999,0.34785492733333334,0.8247867226666666
2019-01-21,3.8826109966666666,8.208166599333333,0.346808434,0.8212203781666667
2019-01-22,3.8429447808333332,8.1970799765,0.34687976083333333,0.9139647086666667
2019-01-23,3.770175774833333,8.191187540666666,0.344953587,0.9731789431666666
2019-01-24,3.766180674166667,8.1846701305,0.34119034783333335,0.9400044878333333
2019-01-25,3.8288191955,8.190438111666666,0.340887308,0.9696116051666667
2019-01-26,4.0924994945,8.1889899575,0.342813333,0.9817401568333334
2019-01-27,4.034855365833334,8.171561082166667,0.3402095038333333,0.7744908333333334
2019-01-28,4.1955176195,8.1689640685,0.339745879,0.804454585
2019-01-29,4.532823483333333,8.165418466166667,0.3388183315,0.8501132330000001
2019-01-30,4.794363578333333,8.170562426333333,0.33888965816666666,0.7559418678333334
2019-01-31,4.8841120401666664,8.165368557166666,0.33812264583333335,0.832278033
2019-02-01,4.935621102333333,8.167765458333333,0.3358217083333333,0.7712801298333334
2019-02-02,4.893743276666667,8.161797841333334,0.3362498185,0.7192000746666667
2019-02-03,5.0102450848333335,8.145250956333333,0.33610711516666664,0.8033846816666667
2019-02-04,5.133666753666667,8.133506934,0.3355364006666667,1.0363161563333334
2019-02-05,5.240394910166667,8.1331739425,0.33475180466666665,0.8893514671666667
2019-02-06,5.253949880666667,8.124218146,0.33667782966666665,0.9581973155
2019-02-07,5.153642495666666,8.123644034,0.337070326,0.9849508603333333
2019-02-08,5.502077818,8.123868783499999,0.3370821823333333,0.9731784463333333
2019-02-09,5.6637393634999995,8.1201149625,0.3391869515,0.9178881843333333
2019-02-10,5.983209371666667,8.122008641499999,0.3384972611666667,0.9357238808333334
2019-02-11,6.355330308166667,8.130311171166667,0.3385567313333333,0.9885167081666667
2019-02-12,6.7805292605,8.119523843,0.340138177,0.909327964
2019-02-13,6.9386233488333335,8.117226600666667,0.3401322313333333,0.9514192741666667
2019-02-14,7.0934356848333335,8.1109841665,0.3418501218333333,1.0570059219999999
2019-02-15,7.2647995155,8.102369785666667,0.341636141,0.9710381428333333
2019-02-16,7.360398213333333,8.089643160666666,0.34224251899999997,0.9931544461666666
2019-02-17,7.3661050005,8.089260578166666,0.34177879499999997,0.9806692598333333
2019-02-18,7.311029434333333,8.088936011166666,0.3418323895,0.9011233848333333
2019-02-19,7.461704095,8.084491253,0.34270634283333334,0.9564131498333334
2019-02-20,7.789449532833333,8.075202783,0.343384147,1.0402406256666668
2019-02-21,7.797582705666667,8.058073679833333,0.343384147,1.0455906391666667
2019-02-22,7.6667412915,8.079347928333334,0.34334848349999997,1.0402406253333334
2019-02-23,7.7806031705,8.042950312166667,0.3423852723333333,1.1126518251666666
2019-02-24,7.615232229166667,8.050307909666667,0.340191672,1.1112262805
2019-02-25,7.678298870666667,8.047278404333333,0.3402451971666667,1.2264435489999999
2019-02-26,7.7068355085,8.044664700833334,0.340815882,1.5510499478333333
2019-02-27,7.701413393,8.028991858166666,0.341029763,2.5377119383333335
2019-02-28,7.771186033833334,8.019544760666667,0.34124381833333334,3.7965446713333333
2019-03-01,7.882765134333334,8.021892070833333,0.341861978,1.964120527
2019-03-02,5.167340398,8.085015932666668,0.3409585356666667,0.774133702
2019-03-03,3.577052474166667,8.136653105499999,0.34004297333333333,0.6960148613333333
2019-03-04,3.5019296408333336,8.132658004666666,0.34042348466666666,0.729901592
2019-03-05,3.645470142,8.1340065,0.341243744,0.880077481
2019-03-06,3.9108626842,8.1446136476,0.3414150476,0.8047401906
2019-03-07,4.135447700833333,8.158452034,0.34309873999999996,0.8212198815
2019-03-08,4.432516098,8.149637381,0.33997174566666666,0.819436709
2019-03-09,4.529826958999999,8.161531448333333,0.3399063645,0.8026709160000001
2019-03-10,4.984561840833333,8.169064045,0.3401738405,0.8147994678333333
2019-03-11,5.495514233833333,8.186043421333334,0.3412617743333333,0.7930393021666666
2019-03-12,5.874055942,8.190937360333333,0.34290846666666663,0.7573689021666667
2019-03-13,6.341489633,8.181315899,0.3445732246666666,1.8332079251666666
2019-03-14,6.4315234025,8.1572033565,0.34374088066666664,2.4792114896666666
2019-03-15,6.547525326333333,8.160698890666666,0.3424923618333333,1.7426038783333333
2019-03-16,6.9012399515,8.164536158166666,0.3436695538333333,1.3769750793333333
2019-03-17,6.730731884666667,8.146966139666667,0.3442403675,1.20682319
2019-03-18,6.587049007333333,8.146241665,0.344811082,1.1297742526666665
2019-03-19,6.526693662166666,8.123893578833332,0.3455602128333333,1.1686558526666666
2019-03-20,6.8324659665,8.121288458333334,0.34716506816666665,1.1479670801666666
2019-03-21,7.235120932166667,8.1394874255,0.3485445526666667,0.9988620876666667
2019-03-22,7.5404654345,8.139633019833333,0.34680843366666664,1.0191947221666666
2019-03-23,7.704695145166666,8.133523623166667,0.347783501,0.9981488188333333
2019-03-24,7.769402663166667,8.137685298833333,0.34731970733333334,0.9927978118333334
2019-03-25,8.101071516666666,8.163608074333332,0.3474148115,1.0249013703333334
2019-03-26,8.3486294745,8.179276784333334,0.34909153983333335,1.0327498118333334
2019-03-27,8.5933327675,8.17730395,0.34954322866666665,0.9899442393333333
2019-03-28,9.006118297666667,8.168597698333333,0.3531700025,1.0084932048333333
2019-03-29,9.038365681833334,8.136953195,0.3564754625,0.9838799636666666
2019-03-30,9.1917508445,8.126165708,0.35585719833333335,0.9942248463333333
2019-03-31,9.276220003666666,8.155430317166667,0.35376439483333333,1.0038564601666666
2019-04-01,9.587557315833333,8.138625780833333,0.3552507658333333,0.9935110805
2019-04-02,9.633644580833334,8.121146997,0.354103297,1.0067100325
2019-04-03,9.860797563833334,8.139674345666666,0.357081791,1.0680640736666667
2019-04-04,11.117703596666667,8.070783058833333,0.358651479,1.0288258391666667
2019-04-05,10.4589301735,8.136253515833333,0.3568795968333333,1.115863025
2019-04-06,9.447013218833334,8.173808097833334,0.35810434316666667,1.2050405145
2019-04-07,8.925359567333333,8.039520899333333,0.35670728966666665,1.2774527073333333
2019-04-08,8.136743386666666,8.279729684333333,0.35850862666666666,1.5349979205
2019-04-09,8.825052499666667,8.274136543333334,0.35789046183333334,2.4257048963333334
2019-04-10,8.474191506666667,8.231937726333333,0.35851457233333334,1.3109837966666666
2019-04-11,8.046423912,8.221300919833332,0.3553696475,0.9753187496666667
2019-04-12,8.216361363666667,8.241576353833333,0.35244454950000004,0.9400044878333333
2019-04-13,8.255313873333334,8.2291410765,0.35360985500000003,0.9578401845
2019-04-14,8.2354807855,8.257756392000001,0.35334822050000003,0.8932759363333334
2019-04-15,8.390578111,8.2466451325,0.35743859899999997,0.9153917431666667
2019-04-16,8.60617431,8.228616555666667,0.364085103,0.9032631913333333
2019-04-17,8.736017068333334,8.249516804999999,0.3629615056666667,0.8807912468333333
2019-04-18,8.826907317,8.239628632833334,0.36624943233333335,0.8975560466666667
2019-04-19,8.8784159025,8.253012498166667,0.36562509833333334,0.8647387226666666
2019-04-20,9.712405523333333,8.2730377515,0.3652148445,0.9039764603333333
2019-04-21,9.391081174333333,8.276434262666667,0.365321835,0.985306998
2019-04-22,9.463564396,8.268992742,0.3641624746666667,0.9596238531666667
2019-04-23,9.834400494666667,8.307396570833333,0.3632350265,0.9614075221666667
2019-04-24,10.228922206666667,8.299106438833332,0.3644477825,1.7522349953333334
2019-04-25,10.202240784833332,8.244472821666667,0.3620756665,0.818366309
2019-04-26,10.922654313333334,8.276283741,0.3628129115,0.8226459226666667
2019-04-27,10.816640218333333,8.289318084833333,0.3636809188333333,0.8415530126666667
2019-04-28,11.126264731666666,8.2951946255,0.365512103,0.8975560466666667
2019-04-29,10.911952493333333,8.275085449333334,0.36695099383333335,0.6813893715
2019-04-30,10.721468926666667,8.267844359333333,0.3646559515,0.6985113026666667
2019-05-01,10.561377365,8.2593046825,0.3639662265,0.6828164061666666
2019-05-02,10.484042643333334,8.2643734615,0.3646440305,0.6681909163333334
2019-05-03,10.750005563333334,8.312639872166667,0.36410902933333333,0.7527306676666666
2019-05-04,10.999275526666667,8.3183080355,0.36209354800000004,0.7948234675
2019-05-05,11.804157414999999,8.3050489425,0.3577060005,0.7777020336666667
2019-05-06,11.021962006666667,8.332615693333334,0.3586750875,0.7379633186
2019-05-07,11.287640411666667,8.364277362833333,0.36226587,0.6967276335
2019-05-08,11.027527493333334,8.305548508833333,0.36079160883333333,0.7766316333333333
2019-05-09,11.222433725,8.368322372333333,0.35929337133333333,0.726334254
2019-05-10,11.098583856666666,8.404828548333333,0.35915061833333334,0.7941101988333333
2019-05-11,11.194182713333333,8.438237826,0.35797357550000003,0.716346999
2019-05-12,11.327877836666666,8.457539399333333,0.35850862666666666,0.7484510541666667
2019-05-13,11.301766555,8.277332544166667,0.3607915838333333,0.9639039636666666
2019-05-14,10.294415156666666,7.7801852228333335,0.3594359755,0.935010612
2019-05-15,10.368325075,7.780334711,0.359941408,0.8900647363333334
2019-05-16,10.390156428333333,7.696786085666667,0.36265242616666665,0.9050463635
2019-05-17,10.581353666666667,7.7250017325,0.3626703866666667,0.965688626
2019-05-18,10.478478115,7.693789879333334,0.36429918783333337,1.06378297
2019-05-19,10.500879446666666,7.660929600499999,0.36403765266666666,1.2096777558333334
2019-05-20,10.509439945,7.605796178166667,0.3644775995,1.3858929278333334
2019-05-21,10.539832593333333,7.614535649666666,0.36471540733333335,1.4333357413333334
2019-05-22,10.511438368333334,7.5986050763333335,0.3648343385,1.1900593838333333
2019-05-23,10.599403063333334,7.583023945333333,0.3654051125,1.1030217011666668
2019-05-24,10.611744565,7.566344022666667,0.3653396666666667,0.9888738391666667
2019-05-25,10.657975038333333,7.56199948,0.36706994,0.8900652328333334
2019-05-26,10.687653221666666,7.576731443333333,0.3677119813333333,0.8715152738333333
2019-05-27,10.700637501666668,7.543771584666667,0.367355347,0.8743698401666666
2019-05-28,10.724180221666666,7.531386693166667,0.368246933,0.9271626669999999
2019-05-29,10.815069675,7.537528832666666,0.36913861833333333,0.9025499223333333
2019-05-30,10.862656116666667,7.5191013018333335,0.367925962,0.9111111363333333
2019-05-31,10.992141563333334,7.520599524333333,0.36660596733333334,0.9967212876666667
2019-06-01,10.94919316,7.469311555,0.367711882,1.0127733153333334
2019-06-02,10.890693028333335,7.480098645,0.365428875,1.0020727911666667
2019-06-03,10.42168967,7.470527013166667,0.36375234533333334,1.1058757701666666
2019-06-04,10.573362668333333,7.494040250833333,0.36343117550000004,1.1383349698333334
2019-06-05,10.554243246666665,7.459548473333333,0.36500076466666664,1.0498712461666666
2019-06-06,10.596191883333333,7.432581265666667,0.36719456316666665,1.085185508
2019-06-07,10.622160753333333,7.408352136833333,0.3662611695,1.2635404865000002
2019-06-08,10.712337016666666,7.409159581,0.36645154150000003,1.1929124593333333
2019-06-09,10.723466875,7.417149702666666,0.3698521855,1.2617578108333334
2019-06-10,10.802371185,7.404290278666667,0.367925962,1.2599746388333333
2019-06-11,10.864296116666667,7.399146795333333,0.36756932766666667,1.3398776451666667
2019-06-12,10.864153385,7.381884257,0.3676941496666667,1.3445143898333334
2019-06-13,10.900538125,7.373003482666666,0.36742667383333333,1.3655602931666668
2019-06-14,10.95960919,7.362083435166666,0.36749800066666666,1.3409480451666667
2019-06-15,10.976160843333334,7.3494317533333335,0.36778330816666666,1.2960021693333335
2019-06-16,11.017253558333334,7.3473344645,0.367961675,1.2439221141666668
2019-06-17,11.022461731666667,7.3249780336666666,0.36872244383333336,1.26247108
2019-06-18,11.414772191666666,7.241554022,0.3692100446666667,1.2931481001666667
2019-06-19,11.344714165,7.150747458166666,0.3702088198333333,1.3370235761666667
2019-06-20,11.374535241666667,7.1416712605,0.3705297908333334,1.3184741138333333
2019-06-21,11.41220347,7.140809615666667,0.3709222876666667,1.3520057003333334
2019-06-22,11.331302166666667,7.1200347740000005,0.3707082075,1.4565214513333333
2019-06-23,11.385094166666667,7.1271180313333335,0.37151687850000004,1.4682933688333333
2019-06-24,11.455294928333334,7.123780171,0.37083312916666666,1.4311954378333334
2019-06-25,11.533342998333334,7.1106169223333335,0.37129090733333336,1.4925494788333333
2019-06-26,11.57072576,7.104774077666667,0.37149300166666666,1.505390803
2019-06-27,11.639357248333333,7.108361403166667,0.3706011175,1.3823255895
2019-06-28,11.673886775,7.094107866333333,0.3702444833333333,1.4768545826666668
2019-06-29,11.735241096666666,7.084669510333334,0.3707082073333333,1.5335713823333332
2019-06-30,11.765917778333334,7.076912085166667,0.37092218783333336,1.4875560998333333
2019-07-01,11.792171798333333,7.0662957031666664,0.37149300166666666,1.4622295896666666
2019-07-02,11.783468406666668,7.0619301795,0.37356187900000004,1.4476041001666666
2019-07-03,11.85780684,7.057960033333333,0.3729911646666667,1.3573557139999999
2019-07-04,11.899185498333333,7.053149144,0.3730625411666667,1.3216848173333333
2019-07-06,11.906376266,7.0364658354,0.3742896318,1.2905794384
2019-07-07,11.926866691666667,7.030976136333333,0.37451312933333336,1.2988547483333333
2019-07-08,11.947269915,7.02724727,0.37413269283333334,1.255693535
2019-07-09,11.980015913333332,7.0202890238333335,0.3738472365,1.275669535
2019-07-10,12.133472601666666,7.017758846333333,0.37466774383333334,1.3034929833333333
2019-07-11,12.373468398333333,6.997033834333333,0.37646319966666664,1.5817269683333333
2019-07-12,11.887770495,6.9725132785,0.37639774383333335,1.6716182231666668
2019-07-13,11.922585488333333,7.005748271833333,0.3763204465,1.7518783608333335
2019-07-14,11.993499596666666,6.999430894833333,0.3773252418333333,1.7525911333333333
2019-07-15,12.044152101666667,6.9937710761666665,0.3763799368333333,1.811448733
2019-07-16,12.047149658333334,6.996559301833333,0.3763680011666667,1.817513009
2019-07-17,12.116778691666667,6.9946491715,0.376415551,1.7761339743333333
2019-07-18,12.473917801666666,6.979804834,0.38890043916666667,1.8217941126666668
2019-07-19,12.206669806666667,6.9703578155,0.381623606,1.8546109398333332
2019-07-20,12.244338511666665,6.971614519666667,0.38196250800000003,1.8242905536666667
2019-07-21,12.248191356666666,6.964748064666667,0.3821943205,2.0351062216666667
2019-07-22,12.261746091666666,6.957498391666666,0.38299677266666665,2.1460439365
2019-07-23,12.324527421666666,6.959129731,0.38397759183333335,1.9634077943333335
2019-07-24,12.380031426666667,6.961976289666667,0.38405513766666666,1.8899252018333332
2019-07-25,12.396582761666666,6.9542605085,0.38469105950000004,1.9034797948333333
2019-07-26,12.453656516666667,6.949316422166667,0.385345136,1.9947985805
2019-07-27,12.506140708333334,6.943881273333333,0.3859396775,2.006926656
2019-07-28,12.5535353,6.943714936666667,0.3865699966666667,1.9106149671666666
2019-07-29,12.605900923333333,6.9334107241666665,0.38635000583333334,2.080765883
2019-07-30,12.68223683,6.925828297833333,0.3855176616666667,2.2049009798333334
2019-07-31,12.71334219,6.919153054833333,0.3851192196666667,2.1553179024999998
2019-08-01,12.726041476666666,6.911999146,0.38590401416666664,2.0129904148333333
2019-08-02,12.840759116666666,6.8987027805,0.38585054383333334,2.2045443456666667
2019-08-03,12.814505416666666,6.889838934,0.38520837816666664,2.018340965166667
2019-08-04,12.873005548333333,6.881016016,0.3846554955,2.0026450355
2019-08-05,12.940781116666667,6.866367101833333,0.3857256471666667,2.1506811378333333
2019-08-06,13.019684791666666,6.855238993833334,0.38523813083333336,2.1064485113333333
2019-08-07,13.028959593333333,6.842620690833334,0.38538677016666667,1.9623379111666668
2019-08-08,13.013121288333334,6.833082278666667,0.38431651883333334,1.7804145811666667
2019-08-09,13.050076961666667,6.817397356,0.3864926593333333,1.7832686506666666
2019-08-10,13.06762727,6.803434769166667,0.3862608475,1.8093089063333334
2019-08-11,13.077757995,6.7970761455,0.386795948,1.7607962091666667
2019-08-12,13.113714695,6.794878562166667,0.3862608473333333,1.8221502501666667
2019-08-13,13.133975186666667,6.739312728333333,0.3860943515,1.8560379743333333
2019-08-14,13.168504556666667,6.6817408401666665,0.38700997816666666,1.9766057531666668
2019-08-15,13.288502216666666,6.6742749215,0.387687658,2.0397434831666668
2019-08-16,13.31290118,6.670570929666667,0.38676023449999997,1.9099007051666668
2019-08-17,13.369761308333334,6.663100798833334,0.38718829516666664,2.03974396
2019-08-18,13.374826591666666,6.653911829,0.38733099866666665,2.0340362985000002
2019-08-19,13.4812692,6.650062322666667,0.387473702,1.9548470775
2019-08-20,13.547760326666667,6.643874168166667,0.3878778863333333,1.9958680073333332
2019-08-21,13.545834223333333,6.636736949333334,0.38385901333333333,2.5954996545
2019-08-22,13.543122451666665,6.635238726666667,0.38190901283333334,3.059223334
2019-08-23,13.663334688333332,6.636545419833333,0.381837686,2.986453891
2019-08-24,13.641076248333334,6.630090951833333,0.384714966,3.0688539745
2019-08-25,13.745663006666666,6.630078474833334,0.38438207416666664,2.8751601775
2019-08-26,13.752511183333333,6.627972523333333,0.3844058513333333,2.8209403353333333
2019-08-27,13.775768918333334,6.627319177,0.3844949106666667,2.767790317666667
2019-08-28,13.810584226666666,6.6248721281666665,0.38585054366666666,2.865529577
2019-08-29,13.906467915,6.622512420166666,0.38578511283333333,2.9689754644999997
2019-08-30,13.921592236666667,6.618192672666667,0.386421283,3.0663574933333333
2019-08-31,14.004920006666666,6.618525505,0.38661748149999997,2.820940296
2019-09-01,14.089104015,6.617560148333333,0.3862607478333333,2.705723047333333
2019-09-02,14.169863066666666,6.612886587833334,0.3862607476666667,2.978249391
2019-09-03,14.179423173333333,6.608837207166666,0.3871526318333333,2.8730198540000003
2019-09-04,14.218375843333334,6.605716149,0.3869028883333333,2.8223668335
2019-09-05,14.299491881666667,6.601217428666667,0.3904877355,2.864815235
2019-09-06,14.303272723333333,6.5988245008333335,0.391183297,2.7274822393333333
2019-09-07,14.486194131666666,6.591724554333333,0.389506817,2.896206577666667
2019-09-08,14.956338721666667,6.579289913,0.38347850266666667,3.030686616666667
2019-09-09,14.663265705,6.5697345731666665,0.35822321983333333,3.3107036751666667
2019-09-10,14.741599083333334,6.569493452666666,0.33196926116666664,3.3049976031666666
2019-09-11,14.799956958333333,6.567687114,0.3323973218333333,3.327826182
2019-09-12,14.846615155,6.561594247666667,0.33268272866666665,3.542209188333333
2019-09-13,14.92708826,6.559264023833333,0.3332892061666667,3.495123465833333
2019-09-14,15.081330301666666,6.5602627595000005,0.3318267066666667,3.589294831166667
2019-09-15,15.02254502,6.395021279666667,0.3301143645,3.6410187485
2019-09-16,15.160092195,6.232896884333334,0.3301856913333333,3.7312666973333335
2019-09-17,15.383536021666666,6.228215138166667,0.3289729355,3.92246298
2019-09-18,15.525792123333332,6.230787038833333,0.3301143645,3.6164049705
2019-09-19,15.447030225,6.228015263833333,0.3301143645,3.6039203401666664
2019-09-20,15.571023306666667,6.230762004833333,0.3294009963333333,3.4316286245
2019-09-21,15.268960475,6.225601514166667,0.3304532416666667,3.1202206611666665
2019-09-22,15.141971111666667,6.226017793166666,0.33132712033333334,2.891212185
2019-09-23,15.232575893333333,6.2274410725,0.33322382466666667,2.718563914166667
2019-09-24,15.323395093333334,6.226767063166666,0.3337528805,2.83485202
2019-09-25,15.404938378333334,6.225967725166667,0.3342523428333334,2.975395798833333
2019-09-26,15.520227273333333,6.230820337666667,0.3344663981666667,2.8337817195
2019-09-27,15.57801501,6.233321348833333,0.3348230325,2.7781352203333336
2019-09-28,15.167369523333333,6.227141300833334,0.33589308483333336,2.737113873166667
2019-09-29,15.40921879,6.228215138166667,0.33717721700000003,3.2589813073333334
2019-09-30,15.700865586666666,6.261325359333333,0.33924629283333335,3.1683772801666668
2019-10-01,15.757511935,6.284596920333334,0.34060180183333333,2.947929461833333
2019-10-02,15.827283701666666,6.316874503999999,0.3416183096666667,2.936157623833333
2019-10-03,16.130488238333335,6.435863653833334,0.34320563083333333,2.5605415105000002
2019-10-04,15.82699776,6.310040951,0.342099667,3.095251322
2019-10-05,16.351105882,6.7199592588,0.3444970844,2.8461236
2019-10-06,16.338379223333334,7.243585030166667,0.346166392,2.4934793313333334
2019-10-07,16.107515811666666,7.4489363035,0.34409751483333334,2.351152380333333
2019-10-08,16.085828143333334,7.465466260833333,0.34238507383333333,2.4043023585
2019-10-09,15.97824351,7.515405893333334,0.341386497,2.2263035378333336
2019-10-10,15.45630455,7.535131931166666,0.3427419065,1.8638854820000001
2019-10-11,15.400515396666666,7.533434073,0.34110109,1.3866061966666667
2019-10-12,15.593852201666667,7.5458687145,0.33974568033333336,1.1222839353333334
2019-10-13,15.671473025000001,7.567742427333333,0.3396030268333333,0.9039769568333333
2019-10-14,15.707143785,7.5905648071666665,0.3392461935,0.7805546125
2019-10-15,15.528788408333334,7.611988862333333,0.338104566,0.6942311925
2019-10-16,15.211173855,7.595109065333333,0.33831874533333334,1.207180818
2019-10-17,14.44709857,7.731344143499999,0.33739129700000003,2.0750582216666666
2019-10-18,14.20867284,7.771345695,0.3365351756666667,1.8403430578333333
2019-10-19,13.881212713333333,7.751469850666667,0.33674915633333335,1.5906448163333333
2019-10-20,13.600268045,7.7383357685,0.33724874266666666,1.6915937265
2019-10-21,13.037234943333333,7.753417571333333,0.335179766,1.8139451741666668
2019-10-22,12.851888498333333,7.7490727108333335,0.33517966683333333,1.5471259753333333
2019-10-23,12.632582823333333,7.742431005,0.33475180466666665,1.4026587209999999
2019-10-24,12.486188571666666,7.730894803833333,0.33382435633333335,1.3295327625
2019-10-25,12.271163463333334,7.713565906,0.33389558383333334,1.4461775621666666
2019-10-26,12.130619686666666,7.702329397333333,0.339103639,1.3552164038333334
2019-10-27,11.95811367,7.6801062425,0.3374627231666667,1.2992123763333334
2019-10-28,11.73837964,7.672166109,0.33632119483333334,1.3573562103333334
2019-10-29,11.511369705,7.677709341166667,0.3350370131666667,1.3409475485
2019-10-30,10.92293946,7.678208669,0.3341097631666667,1.4229908585
2019-10-31,10.145881334,7.786677281166667,0.33425241683333334,1.2482032181666667
2019-11-01,9.7004203795,7.8580907983333335,0.33439517,1.5182331203333335
2019-11-02,9.593121369666667,7.889852126333333,0.334395071,1.1982629698333334
2019-11-03,9.580851146142857,7.846526146142857,0.335801329,1.270827651
2019-11-04,9.600541273666668,7.838115056166666,0.33353894933333333,1.2685353556666665
2019-11-05,9.58812809,7.845206260666666,0.3332535426666667,1.2118175626666667
2019-11-06,9.660754203666666,7.843907753833333,0.3331822155,1.0973140595
2019-11-07,9.5989720025,7.831572770999999,0.33168385433333336,0.975675881
2019-11-08,9.626795291833334,7.8320721785,0.3308276333333333,1.0284692048333333
2019-11-09,9.731525262166667,7.828226884166667,0.3307563065,0.9332274398333333
2019-11-10,9.8546622595,7.8171901705,0.33089896016666664,0.9293029706666667
2019-11-11,9.782464027333333,7.824381589833333,0.3302570183333333,0.9510626395
2019-11-12,9.624512354666667,7.864033460666667,0.3306136528333333,0.9107545018333333
2019-11-13,9.660754204,7.870575666333333,0.3302570183333333,0.8379856743333334
2019-11-14,9.782749493833332,7.876268704666667,0.330470999,0.8319213986666667
2019-11-15,9.829692522833334,7.879165252,0.329115689,0.8625984191666667
2019-11-16,10.030735016333333,7.8371659915,0.32825966700000003,0.9164616465
2019-11-17,10.006050428833333,7.873372077833333,0.32868772766666665,1.0149141151666667
2019-11-18,10.524707318333334,7.7648536365,0.3275460998333334,1.2564073006666667
2019-11-19,12.773983,7.245832443333333,0.3266186515,1.2656817835
2019-11-20,13.114998498333334,7.188901186,0.32397905983333336,1.2906501688333334
2019-11-21,11.569869836833334,7.421869198666666,0.3236937521666667,1.2225195764999999
2019-11-22,8.043284654666667,7.886905670166667,0.3236937521666667,1.2531970938333332
2019-11-23,7.8519451616666665,7.898991187333333,0.3209825355,1.1411890386666665
2019-11-24,7.747215271,7.887604713333333,0.3196982543333333,1.2168119351666666
2019-11-25,7.697275638833333,7.887155532666667,0.31877100466666664,1.1954089006666666
2019-11-26,7.429885466833333,7.888653755,0.3184142708333333,1.3127669693333333
2019-11-27,6.932915767333333,7.904684146166667,0.3177009026666667,1.6598468025
2019-11-28,6.9394792715,7.878615776666667,0.3145620225,1.6202514369999999
2019-11-29,6.995839595833333,7.8788656395,0.31220763916666666,1.5888616443333334
2019-11-30,6.8515858650000006,7.8834100565,0.3416718045,1.5628213683333334
2019-12-01,6.693491617666666,7.894296805166666,0.357937813,1.3973082104999999
2019-12-02,6.5519487065,7.880513429666667,0.3590793411666667,1.6726886233333333
2019-12-03,6.536824147,7.881761868833333,0.35900801416666667,1.22358948
2019-12-04,6.542674302833333,7.8768680095,0.35872260733333333,1.3826827210000001
2019-12-05,6.5904734136666665,7.867329518,0.3559402625,1.3034929831666666
2019-12-06,6.533542474166667,7.882910649,0.3543708725,1.2317940593333332
2019-12-07,6.4990129471666664,7.882760604333333,0.3566536305,1.2963583071666667
2019-12-08,6.5125680765,7.874670664333333,0.3549414871666667,1.3495082658333333
2019-12-10,6.3437440872,7.8989109992,0.354770303,1.2730294466
2019-12-11,6.364889542333334,7.90589118,0.3528727095,1.3077735901666667
2019-12-12,6.352618694333334,7.900959571166666,0.3495076496666667,1.4429668585
2019-12-13,6.388860781833333,7.8903307915,0.345976055,1.4247750240000001
2019-12-14,6.313523372000001,7.8810628255,0.3411369025,1.557470858
2019-12-15,6.346198082,7.8803969223333334,0.32825956733333334,1.4247745276666666
2019-12-16,6.373022874,7.872673114166666,0.32062590133333335,1.3281062243333333
2019-12-17,6.2273420491666664,7.8768679299999995,0.31991243383333334,1.3430878518333333
2019-12-18,6.061400175166667,7.889003117666666,0.3187353413333333,1.3352399071666667
2019-12-19,6.0919346015,7.883697271333333,0.31884233166666665,1.4144301415
2019-12-20,6.185107707833334,7.875427802333333,0.31762977449999996,1.3355970383333333
2019-12-21,6.198020458,7.8822863895,0.318236053,1.2025435766666668
2019-12-22,6.211646636333334,7.876043955166667,0.31759391233333334,1.1208564041666667
2019-12-23,6.320657889,7.871025164833333,0.3151147068333333,1.0388130941666667
2019-12-24,6.394710779333334,7.8593765895,0.31299233449999997,1.075911522
2019-12-25,6.511426369333334,7.858714978,0.311250523,1.1950527625
2019-12-26,6.4343768755,7.854045709,0.31028131633333333,1.0206207633333333
2019-12-27,6.475755612,7.834119796666666,0.3093539675,1.0480880738333334
2019-12-28,6.612161874833333,7.8161915145,0.3088308028333333,1.3042057555
2019-12-29,6.413544972833334,7.846396366833334,0.3085928806666667,1.3145511348333334
2019-12-30,6.407123804166667,7.840262333666667,0.30774866516666666,1.2111042936666667
2019-12-31,5.528189182333334,7.824581305166666,0.30708296583333333,1.1782874663333334
2020-01-01,4.760975837666667,7.813969373833333,0.30619118116666666,1.3388067483333335
2020-01-02,4.8160515625,7.84121116,0.30481186016666667,1.3077730933333334
2020-01-03,4.9020907085,7.824260791,0.30717800083333335,1.3498653966666667
2020-01-04,4.9052294095,7.8613367875,0.3090685605,1.3487945
2020-01-05,4.903802554,7.879015366166667,0.30806978533333335,1.3666301968333334
2020-01-06,5.010245243833333,7.873422225333333,0.3079033245,1.4793515208333332
2020-01-07,5.022658745333334,7.882111549333334,0.306286315,1.534998417
2020-01-08,5.094999472333334,7.892948389,0.3052696088333333,1.7269079883333334
2020-01-09,5.1719059945,7.888728777333333,0.305002133,1.676612099
2020-01-10,5.396919488833333,7.884983142333334,0.3045620868333333,1.6577064988333334
2020-01-11,5.444718758166666,7.8773922125,0.3088188668333333,1.6973018646666667
2020-01-12,5.652466932833334,7.83938845,0.31570335266666666,1.8296410636666667
2020-01-13,5.876624266333334,7.817914406333333,0.3150968751666667,1.9327302771666668
2020-01-14,5.995194673666667,7.837873617666666,0.312659373,2.169586718
2020-01-15,6.105061451666667,7.864283084833334,0.3115894398333333,1.8032441535000001
2020-01-16,6.059973637166666,7.852597077833334,0.31074514016666666,2.454955399
2020-01-17,6.175690333166667,7.8367416856666665,0.31010299933333335,2.1453306675
2020-01-18,6.2930478255,7.817115227333334,0.3101386626666667,2.1142959991666666
2020-01-19,6.481320142666666,7.826678514666667,0.3080698848333333,2.267682036
2020-01-20,6.7561302185,7.810997803999999,0.3058463335,2.3540054956666667
2020-01-21,7.0565516155,7.8055707615,0.30567988749999997,2.4827778736666666
2020-01-22,7.2889131705,7.7735098203333335,0.3056441745,2.4863452116666664
2020-01-23,7.336355924666667,7.791346629333333,0.3056917241666667,2.1653055746666667
2020-01-24,7.6152320705,7.7658356825,0.30243357033333335,2.2387882471666667
2020-01-25,7.7711861928333335,7.742480675333333,0.30810544900000003,2.268751939
2020-01-26,7.528337240166667,7.732492923833333,0.310477565,2.3993074895
2020-01-27,7.4462938308333335,7.67318964,0.31056672333333335,2.927239736
2020-01-28,7.177333990499999,7.8524223965,0.31025753916666665,3.682396809
2020-01-29,7.157072862,8.12405173,0.3108877938333333,2.2833774883333335
2020-01-30,7.654898166833333,8.1082878115,0.3107809028333333,2.482421716
2020-01-31,7.294620513833333,8.1073389055,0.309627389,2.368988116666667
2020-02-01,4.843304554833333,8.093755245166665,0.30482386533333333,2.4310549496666667
2020-02-02,4.8323179085,8.109236399333334,0.3026716261666667,2.7817026378333334
2020-02-03,4.754126469166667,8.101445833833333,0.301078359,2.8726627428333336
2020-02-04,4.8040662605,8.076326529333333,0.29908070966666667,2.8444827396666668
2020-02-05,4.7661124865,8.077225367166667,0.2993661165,2.706436356
2020-02-06,4.787229379166666,8.038621902333333,0.29959782966666665,2.8726642926666663
2020-02-07,4.793793122,8.014301299833333,0.30047188183333334,2.5976390045
2020-02-08,4.7614035606666665,8.005761941333333,0.3040747343333333,2.6161884465
2020-02-09,4.737860441166667,8.002166430333332,0.3089258073333333,2.4207115173333333
2020-02-10,4.697338183666666,7.973900317833333,0.30874753983333336,2.2987157503333333
2020-02-11,4.715744972166667,7.943137645666667,0.30827181033333334,2.2594774565
2020-02-12,4.7110362053333334,7.9652608235,0.30845023166666663,2.3422341345
2020-02-13,4.725304365166666,7.950079282166667,0.3075465905,2.2163152695
2020-02-14,4.740999698666667,7.8942468165,0.3080935278333333,2.3083473443333333
2020-02-15,4.736291170166666,7.926457881833333,0.307837774,2.205615282166667
2020-02-16,4.812627395,7.864682753833334,0.30906846099999996,2.267324964166667
2020-02-17,4.747135321333333,7.878665765166667,0.30864054949999997,2.2855172156666668
2020-02-18,4.779524644166666,7.875269810333333,0.30745162066666665,2.0276148915
2020-02-19,4.912648995833333,7.876801411166666,0.3067024896666667,1.9762491188333333
2020-02-20,4.857858022,7.903585513333333,0.30572144716666666,1.8424829045
2020-02-21,4.808061599666667,7.901388247833333,0.30350406950000003,1.9509226085
2020-02-22,4.831461509,7.856043259333333,0.3030402956666667,1.9106139738333334
2020-02-23,4.811914126,7.8462052345,0.303147435,1.9605542221666667
2020-02-24,4.7997856935000005,7.834768931,0.3030283896666667,2.0775551796666667
2020-02-25,4.7912246383333335,7.8922994929999994,0.30276682450000003,1.7697135608333334
2020-02-26,4.798786799166667,7.878266175666667,0.30244580383333336,1.844979326
2020-02-27,4.82589674,7.858839829666667,0.3021128473333333,1.8546109398333332
2020-02-28,4.873267889,7.906581958,0.3002221385,1.8692364491666666
2020-02-29,4.9273455145,7.935696840166667,0.2994134675,2.1653060515
2020-03-01,4.9547407628333335,7.8770678043333335,0.2992945908333333,2.3301065366666665
2020-03-02,5.0260829131666664,7.943287452,0.29886662966666666,2.4938360055
2020-03-03,5.032361110166667,7.935097456,0.2978857856666667,2.799893975333333
2020-03-04,5.096711874,7.9347978433333335,0.29805815733333335,2.938654978833333
2020-03-05,5.172334035166667,7.940041383166667,0.29782050383333336,2.5994231303333333
2020-03-06,5.2371130785,7.948231538166667,0.2963340778333333,2.750667969333333
2020-03-07,5.2676475048333335,7.958868741666667,0.297582547,3.1184374493333333
2020-03-08,5.353828748,7.9745495318333335,0.29915193716666666,3.7630136013333333
2020-03-09,5.384220600166667,7.9761476516666665,0.29579897716666664,4.245999415666667
2020-03-10,5.498653491333333,7.987334012833333,0.2943008145,3.8290048838333335
2020-03-11,5.564145247166667,7.990030765666667,0.29369443633333336,4.228164235666666
2020-03-12,5.595107873333333,7.994375626166667,0.290852621,4.2131821315
2020-03-13,5.699124654166667,8.0404696465,0.2882367373333333,4.206761717833333
2020-03-14,5.711538315,8.051156838666667,0.28768375533333335,3.6074876386666666
2020-03-15,5.888751904166667,8.0550519625,0.28870033716666665,3.3606439826666668
2020-03-16,6.117617527833334,8.074728012,0.2870597441666667,3.6959519386666666
2020-03-17,6.2717167535,8.081869443,0.28645326716666664,3.8361385661666665
2020-03-18,6.383296013,8.0696843465,0.2876303593333333,4.439693133166667
2020-03-19,6.528548479,8.080321312,0.2880939591666667,3.9695486626666665
2020-03-20,6.350621462,8.079023202333333,0.28631061316666667,2.534858385833333
2020-03-21,6.264582634,8.082918166833332,0.2881653108333333,2.474574248166667
2020-03-22,6.410049200166666,8.078673521666667,0.2874995421666667,2.6696950593333333
2020-03-23,6.510855754166666,8.080621083833332,0.28733306633333333,2.6718358596666665
2020-03-24,6.593897978333334,8.0678366025,0.28732712083333334,2.796683708833333
2020-03-25,6.7402919135,8.063192049666666,0.2873449525,3.134846250333333
2020-03-26,7.0004054705,8.079272747166666,0.28820107366666664,3.211538990666667
2020-03-27,7.151079893,8.04631265,0.285216535,3.3032129208333334
2020-03-28,7.1944562595,8.035974979333334,0.2854543428333333,2.9086912475
2020-03-29,7.295476754666667,8.053104400666667,0.28604891416666667,2.421424826
2020-03-30,7.752922455666667,8.056150754166667,0.28654837133333333,2.5430624883333333
2020-03-31,7.491524776,8.148189385666667,0.285061896,2.3340304693333334
2020-04-01,7.650475263666666,8.164194901833334,0.2840749075,2.7606556813333336
2020-04-02,7.509360472333333,8.123519261833334,0.28564453116666666,2.4150039355
2020-04-03,7.673447609166667,8.145842234333333,0.28531168916666666,1.9644782345
2020-04-04,7.533045927833333,8.1581021945,0.2829573055,1.8724466363333334
2020-04-06,7.634408951,8.117885971,0.2839132128,1.8684512376
2020-04-07,7.746002276833334,8.102045218166667,0.2844554185,1.7554452021666667
2020-04-08,7.867212534166667,8.088212013333333,0.28188715383333335,1.6445080438333333
2020-04-09,7.8502333958333335,8.065888881666666,0.3080340721666667,1.5307173131666667
2020-04-10,8.021311680666667,8.083367824666666,0.3107451398333333,1.757229368
2020-04-11,8.379235108666666,8.100596904666666,0.30962144333333336,1.9908746481666666
2020-04-12,8.383016109666666,8.083417733333333,0.3101624396666667,1.8200099266666667
2020-04-13,8.483037948666666,8.109885533666667,0.309853355,1.4914795756666668
2020-04-14,8.4239668845,8.129961172833333,0.30985325566666666,1.1882752181666667
2020-04-15,8.519850731,8.1338567735,0.31018621216666664,1.1518905558333334
2020-04-16,8.577209313666668,8.129212379333334,0.308712125,1.0794783631666667
2020-04-17,8.424822807166667,8.119773387833334,0.3089258075,0.9392912188333333
2020-04-18,8.5393980345,8.099348386166668,0.3077845773333333,0.9831671913333333
2020-04-19,8.612310091666666,8.087912241666666,0.30928274,0.8700897298333333
2020-04-20,8.654045104833333,8.087978680833334,0.3221241635,2.629743496666667
2020-04-21,8.613166173333333,8.039121468833333,0.329401096,3.577523311166667
2020-04-22,8.639562288833334,8.036324819166667,0.328830481,1.1069451768333334
2020-04-23,9.155295213,8.062143484666667,0.32752836750000003,1.1322711905
2020-04-24,9.796874682,8.074245453166666,0.3281821955,1.1169334255
2020-04-25,8.825385093666666,8.037673314500001,0.32852109766666665,1.1222844323333332
2020-04-26,8.3904360135,8.005512317166666,0.329079926,1.001358529
2020-04-27,9.040648301333334,7.9038853646666665,0.32951990783333335,1.5078882376666667
2020-04-28,8.654259204833334,7.822700262166666,0.3302570185,2.2723193168333333
2020-04-29,8.750000477166667,7.8388225238333336,0.3292583178333333,1.9134675465
2020-04-30,8.658825079666666,7.808300892666667,0.3282120975,2.1738673448333334
2020-05-01,8.727170785333334,7.786743799833333,0.3273142875,1.9766062498333334
2020-05-02,9.0218141875,7.807102442,0.32697538533333337,1.767573754
2020-05-03,9.154081980499999,7.791005214,0.32776008033333337,1.6102641818333332
2020-05-04,9.137245337166666,7.778948784,0.32726074250000003,1.5803004305
2020-05-05,9.545465152166667,7.823241472166667,0.3270467123333334,1.727621754
2020-05-06,9.487963199666666,7.773942629666666,0.327118039,1.4971877136666667
2020-05-07,9.667246182666666,7.7622235615,0.3266424286666667,1.4643693965
2020-05-08,9.797873973666666,7.765577952,0.3273321191666667,1.3334557415
2020-05-09,9.740728855166667,7.7191758155,0.3269396721666667,1.2004027763333334
2020-05-10,9.830191771166668,7.705475330333333,0.32682079566666666,1.0923196873333334
2020-05-11,9.9188699725,7.675411939833333,0.32668997833333335,1.0445207356666666
2020-05-12,9.920725187333334,7.684484243333333,0.32671373583333335,1.139049232
2020-05-13,10.051851750333334,7.655394554166667,0.32690405850000004,1.2243032456666667
2020-05-14,10.1503041575,7.634936094166667,0.3254413605,1.1889884866666667
2020-05-15,10.212799865,7.615184942666667,0.32672564183333336,1.205040018
2020-05-16,10.148734092666666,7.603016455833333,0.3260240601666667,1.1336987218333334
2020-05-17,10.255890686666666,7.5771474838333335,0.3247995176666667,1.1618793011666666
2020-05-18,10.48247258,7.567842404,0.32729645566666665,1.1197865011666668
2020-05-19,10.610151288333334,7.5531351566666665,0.32932957016666664,1.2175257005
2020-05-20,10.782538255,7.530699809166666,0.32937731866666664,1.2531961003333334
2020-05-21,10.707343736666667,7.539426724,0.330185791,1.1190732321666665
2020-05-22,10.631863593333334,7.508547544333333,0.328830481,1.157598694
2020-05-23,10.866008121666667,7.486740509833333,0.32904443666666666,1.2160986663333333
2020-05-24,11.100438754999999,7.484751462833334,0.3304355345,1.2018303075
2020-05-25,10.825200081666667,7.448811690166666,0.3299360476666667,1.2389287351666667
2020-05-26,10.975875853333333,7.432156721666667,0.330114315,1.2103915215
2020-05-27,11.180769763333334,7.422842899833333,0.33064931633333333,1.2838741141666667
2020-05-28,11.012830891666667,7.4119811056666665,0.330845465,1.2935047348333333
2020-05-29,11.050784586666666,7.418548027666667,0.330346177,1.1914854248333333
2020-05-30,11.159937698333334,7.3932538826666665,0.33068497966666666,1.1996905008333334
2020-05-31,11.351848284999999,7.3865119618333335,0.330667148,1.2296537558333334
2020-06-01,11.52706496,7.3784716925,0.3305244941666666,1.1579543351666666
2020-06-02,11.27750969,7.3545506795,0.3304234495,1.0894666115
2020-06-03,11.440170446666666,7.350780328166667,0.3295079868333333,1.1322716871666667
2020-06-04,11.63150978,7.329947153666667,0.32861620183333334,1.1112257838333333
2020-06-05,11.768129825,7.315997362333333,0.32771266016666667,1.1989762385
2020-06-06,11.733956656666667,7.306309144,0.3283250481666667,1.258190473
2020-06-07,12.06455644,7.319143772166667,0.329626863,1.1443992456666667
2020-06-08,12.194399036666667,7.300516207833334,0.3296507398333333,1.395167907
2020-06-09,12.163864136666668,7.286416371666666,0.3308276333333333,1.480421424
2020-06-10,12.151736894999999,7.280615488666667,0.3308098016666666,1.5121688443333334
2020-06-11,12.351351738333333,7.270202557,0.3289729356666667,1.5007535616666667
2020-06-12,12.592203139999999,7.26738135,0.32902028666666666,1.5506928165
2020-06-13,12.593486783333333,7.246007204,0.32690405850000004,1.3816128173333333
2020-06-14,12.388734976666667,7.210100730333333,0.3273855845,1.4896964036666667
2020-06-15,12.372326851666667,7.199488481,0.3285984198333333,1.4950464168333333
2020-06-16,12.482336363333333,7.195493539166667,0.32823585983333337,1.4847020308333334
2020-06-17,12.728038628333334,7.1781810125,0.32954364999999997,1.4590188861666666
2020-06-18,12.513584296666666,7.161809047166667,0.33080385599999995,1.4501015345
2020-06-19,12.663259505000001,7.158737739166667,0.33118436716666666,1.4929061135000001
2020-06-20,12.83134206,7.146028359833333,0.3307920695,1.5635346371666667
2020-06-21,12.920233886666667,7.135923862666667,0.330007424,1.538565755
2020-06-22,12.974453766666667,7.121570428166667,0.32975763066666663,1.4896959066666666
2020-06-23,12.988151868333333,7.1213957468333335,0.32927602516666665,1.4012316863333334
2020-06-24,13.13055118,7.117088317833334,0.329204748,1.3762618105
2020-06-25,13.31589794,7.102106650666666,0.3269753851666667,1.4033719896666668
2020-06-26,13.286362328333333,7.0928845405,0.32765309,1.2432083488333334
2020-06-27,13.419914245000001,7.078377087833333,0.32776013000000004,1.3209720453333333
2020-06-28,13.487119038333333,7.069096486,0.328473548,1.329889397
2020-06-29,13.558603603333333,7.060731887833334,0.3284735478333333,1.2913649280000001
2020-06-30,13.231285415,6.961127440166667,0.3287350135,1.2646113835000001
2020-07-01,13.216447035,6.926394621666667,0.32940089683333335,1.2032573421666666
2020-07-02,13.540340263333334,6.9178795815,0.32875895499999996,1.3092001279999999
2020-07-03,13.794318036666667,6.920776128833333,0.3287588553333333,1.2364308036666667
2020-07-04,13.808016141666666,6.912561257666667,0.3305068115,1.2713889281666666
2020-07-05,13.814008713333333,6.908640861333334,0.32890150916666666,1.1468966801666667
2020-07-06,13.945563156666667,6.902506431,0.3284199783333333,1.2542665005
2020-07-07,14.108509223333334,6.9004757405,0.32733211900000003,1.5781601268333334
2020-07-08,14.2177337,6.8952070873333335,0.3251203893333333,1.8292844495
2020-07-09,14.202394488333333,6.8890311718333335,0.326333344,1.955202679
2020-07-10,14.414281686666667,6.882197856833333,0.32923453533333336,2.0129904548333335
2020-07-11,14.4749225,6.8777780535,0.33044262539999997,1.7725671331666666
2020-07-12,14.786830265,6.872234980333333,0.3309706848333333,2.0636429786666666
2020-07-13,14.94306914,6.868739128166666,0.33196946,2.0722046098333333
2020-07-14,14.830491385,6.851210594,0.3319337468333333,2.0422408978333335
2020-07-15,14.823499361666666,6.843369802,0.3331107895,2.0162006218333333
2020-07-16,14.998859245,6.835104704,0.332825482,2.0493746001666664
2020-07-17,15.217736878333334,6.8290870985,0.3324092576666667,1.9815996093333332
2020-07-18,15.38967085,6.8159363268333335,0.3325044115,1.9776761531666667
2020-07-19,15.234216213333333,6.806152661666666,0.3371058901666667,1.9255955815
2020-07-20,15.466863791666666,6.797925075,0.33919874316666665,2.0368904075
2020-07-21,15.155597368333334,6.7874459426666665,0.3394364665,2.437119722166667
2020-07-22,14.6743954,6.775751988166666,0.3395079223333333,2.514169097
2020-07-23,14.79853058,6.768910249166667,0.3419869295,2.6304568845
2020-07-24,14.839766186666665,6.765031417333334,0.34271224316666665,2.640444557
2020-07-25,14.999929268333334,6.755110184333333,0.34311047699999997,2.538425684
2020-07-26,14.97217687,6.736574252666667,0.3430153283333333,2.4378323951666667
2020-07-27,14.98416265,6.721317927166666,0.3421355288333333,2.4752870798333335
2020-07-28,14.85945654,6.691133499166667,0.3408157826666667,2.4403298695
2020-07-29,14.824926533333334,6.667058547166667,0.3409940005,2.5345013141666666
2020-07-30,14.881357826666667,6.655647516166667,0.341243744,2.26803871
2020-07-31,14.981166203333332,6.655522584833333,0.3401022155,2.1485408148333334
2020-08-01,15.128130595,6.646358489833333,0.33934136233333334,2.09218059
2020-08-02,15.30420351,6.642712990166666,0.338853821,2.1239275136666667
2020-08-03,15.407221636666666,6.6425634225,0.33854478083333334,2.0351062218333333
2020-08-04,15.546624341666666,6.6399497190000005,0.33698109266666665,2.149610201333333
2020-08-05,15.62324524,6.643312454,0.338461399,1.963052154
2020-08-06,15.8371006,6.6416841508,0.33353889000000003,2.0743447064000002
2020-08-07,15.936722756666667,6.637494405,0.33189793433333337,2.100028038
2020-08-08,16.055721918333333,6.634214878,0.3292228281666667,2.3557896216666667
2020-08-09,16.24363676833333,6.634697755333334,0.32956742733333333,2.3800458111666667
2020-08-10,16.17343648,6.6310896875,0.32699316733333333,2.7382545948000003
2020-08-11,16.087255318333334,6.6224873859999995,0.332343926,2.4296289444
2020-08-12,15.84440597,6.6168278853333335,0.3362737446666667,2.4007350205
2020-08-13,16.096671261666668,6.6192664305,0.3360358875,2.2034739058333335
2020-08-14,16.280449231666665,6.613585869333333,0.33082793183333337,2.346158544166667
2020-08-15,16.3691988,6.60825483,0.332409377,2.4306987521666663
2020-08-16,16.544272741666667,6.606844027833334,0.32959119966666667,2.5708854196666664
2020-08-17,16.711355843333333,6.6061572235,0.33085170883333337,2.540209372833333
2020-08-18,16.870734215,6.606269439,0.3350549441666667,2.3543626468333336
2020-08-19,16.719773611666668,6.6009135243333334,0.34094060466666665,2.206684152166667
2020-08-20,16.685816128333332,6.595070759333333,0.33936526883333334,2.0989582141666667
2020-08-21,16.782769521666665,6.597268104333334,0.3399597605,1.9120414853333334
2020-08-22,16.970969198333332,6.602661450666667,0.34105364,1.6077667475
2020-08-23,16.981100718333334,6.597342888666667,0.34065529716666665,1.455451548
2020-08-24,17.132274946666666,6.593372742333333,0.341957311,1.3776883481666666
2020-08-25,17.298644383333333,6.5876547495,0.34127955649999997,1.3181179761666666
2020-08-26,17.356431643333334,6.580438375333333,0.3409584365,1.2585471073333334
2020-08-27,17.422636668333332,6.574969927333333,0.3435980278333333,1.6473615966666666
2020-08-28,17.314339956666668,6.5642331443333335,0.344049995,1.6323794921666666
2020-08-29,17.116151175,6.553720712666666,0.3403163951666667,1.5695989131666668
2020-08-30,17.312342326666666,6.550358057166667,0.3424090495,1.4497439065
2020-08-31,16.594070115,6.518900394666667,0.3432770571666667,1.3716240723333333
2020-09-01,16.392029126666667,6.478661696333333,0.34292032316666665,1.4440367618333334
2020-09-02,16.588504473333334,6.480667670333333,0.34416874216666665,1.2778093416666667
2020-09-03,16.668408393333333,6.4781290689999995,0.34602373833333333,1.2710322935
2020-09-04,16.823719341666667,6.482557137833333,0.34745037533333334,1.2610440453333334
2020-09-05,16.939793588333334,6.4856367905,0.3469511865,1.2892246246666668
2020-09-06,16.868022285,6.4784870945,0.3531223535,1.2806639076666666
2020-09-07,16.86838023,6.473917643166667,0.3430631258333333,1.7550890248333333
2020-09-08,16.40016079,6.452310164833333,0.3474028258333333,2.180287718833333
2020-09-09,16.261828741666665,6.448381583,0.349055777,2.1178632576666665
2020-09-10,16.436689058333332,6.458411455166667,0.34935307,2.0058567125
2020-09-11,16.785552025,6.600364287666666,0.34837792316666666,1.9013394911666666
2020-09-12,17.031967480000002,6.625251054666666,0.3477358818333333,1.8424823681666667
2020-09-13,17.212034861666666,6.716598431333333,0.34634470933333333,1.8089517951666667
2020-09-14,17.508532843333334,6.915707429166666,0.3453578898333333,1.5663882096666666
2020-09-15,17.529364903333335,6.941476106666666,0.3449298591666667,1.4126464723333334
2020-09-16,17.459449133333333,7.153094530166666,0.3430867046666667,1.1490369838333332
2020-09-17,17.515096345,7.087474266666667,0.3425636888333333,1.0662799081666667
2020-09-18,17.542206128333333,7.174369017166667,0.3431937445,0.9674713013333334
2020-09-19,17.73996703,7.1670777003333335,0.34177899366666664,0.8989830811666667
2020-09-20,17.714426995,7.2853347463333336,0.3404413161666666,0.8586744468333333
2020-09-21,17.621396063333332,7.275080362833333,0.340459148,0.7884020608333333
2020-09-22,17.688600541666666,7.222277641333333,0.3404234845,0.7705673573333334
2020-09-23,17.721988678333332,7.199688355166667,0.34017374116666665,0.7409602405
2020-09-24,17.760085106666665,7.1687258085,0.341463884,0.7677132883333333
2020-09-25,17.870095253333332,7.143714428,0.3408634315,0.7562980056666667
2020-09-26,17.922174455,7.15144674,0.34065529716666665,0.7545143366666667
2020-09-27,17.279524801666668,7.177065611,0.34067312866666666,0.7969637709999999
2020-09-28,16.632670663902953,7.563397486833333,0.34006665183333334,0.8419091503333334
2020-09-29,16.58927461506329,7.7602591515,0.33746274783333335,0.7705673576666667
2020-09-30,16.595711699113924,7.675661802166666,0.3358694563333333,0.8279984196666667
2020-10-01,16.60214878316456,7.703053395166666,0.3368919591666667,1.6013458368333333
2020-10-02,16.60858586721519,7.797314485,0.3355840545,2.3004998761666666
2020-10-03,16.61502295126582,7.775890271,0.33517976633333335,2.2198830843333335
2020-10-04,16.621460035316456,7.806303421666667,0.34609516483333336,2.3518657288333333
2020-10-05,16.627897119367088,7.7208069165,0.33778379366666667,2.490626295166667
2020-10-06,16.634334203417723,7.756364107333333,0.33553659933333335,2.143546462
2020-10-07,16.640771287468354,7.677209774666666,0.33526897466666666,2.270178556333333
2020-10-08,16.647208371518985,7.665490627166666,0.33607150150000004,2.1806449095
2020-10-09,16.65364545556962,7.722405115833333,0.33413344133333334,1.8695925475
2020-10-10,16.66008253962025,7.759610017333333,0.33314665183333336,1.8628150421666667
2020-10-11,16.631202239662446,7.8235324225,0.33315823966666663,1.9177486498333334
2020-10-12,16.139049053333334,7.965161005666666,0.3331823153333333,2.1692300835
2020-10-13,16.052868048333334,7.973151048,0.33211211366666665,1.9120414655
2020-10-14,16.014914195,7.912249962333333,0.33218344066666666,2.0204817056666666
2020-10-15,15.546338716666666,8.0012172065,0.33267085766666665,1.8795808155
2020-10-16,15.283941904999999,8.033802827166667,0.33239742133333333,1.9555598696666667
2020-10-17,15.303347428333334,8.032579581,0.331398845,2.014060795333333
2020-10-18,14.942783991666666,8.1073886555,0.3323973218333333,1.7087161543333333
2020-10-19,14.86302376,8.084665934166667,0.3308099506666667,1.8553242086666666
2020-10-20,14.782835325,8.108687400833333,0.3235034495,1.7964676025
2020-10-21,14.623599528333333,8.1805001895,0.321743652,1.9170354008333332
2020-10-22,14.406362056666666,8.146241823833334,0.3225522238333333,1.9976516763333334
2020-10-23,14.007489048333333,8.188440482,0.32062609966666666,1.9523491463333333
2020-10-24,13.47128121,8.208266735333334,0.3166306515,2.048304696833333
2020-10-25,13.118279456666667,8.203097820333333,0.31582223400000003,1.9937281608333333
2020-10-26,12.42083947,8.251614411833334,0.3125880506666667,2.198123435166667
2020-10-27,11.949125131666667,8.276034196333333,0.3104596336666666,1.9230996768333333
2020-10-28,11.736454011666666,8.286621888500001,0.307284817,2.065784255666667
2020-10-29,11.652769088333333,8.307696024833334,0.30557264883333335,1.8374895056666667
2020-10-30,11.63493379,8.287070910333334,0.303753714,1.9783899585
2020-10-31,11.60496998,8.224297205500001,0.30828366683333336,2.1207168501666667
2020-11-01,11.555275645714286,8.295168331857143,0.31059209814285715,1.8257681812857143
2020-11-02,12.029004253333333,8.181648572166667,0.3085692723333333,1.7953972221666668
2020-11-03,15.473997433333334,7.000579516166667,0.309140086,1.6748289266666667
2020-11-04,15.497683366666667,6.752063830833333,0.30899723383333333,1.8485466638333334
2020-11-05,15.525221505000001,6.7239147028333335,0.308997035,1.5207300584999999
2020-11-06,13.496107898333333,7.480647881833334,0.3102336675,1.239284873
2020-11-07,11.542046388333333,8.259254773666667,0.31012073166666665,1.1451135078333334
