Date,Year,Month,Scooter Trips,Bike Trips,Normal Price,College Price
7/26/2021,2021,7,117,32,0.3,0.3
7/27/2021,2021,7,131,53,0.3,0.3
7/28/2021,2021,7,192,33,0.3,0.3
7/29/2021,2021,7,331,61,0.3,0.3
7/30/2021,2021,7,331,51,0.3,0.3
7/31/2021,2021,7,797,129,0.3,0.3
8/1/2021,2021,8,514,104,0.3,0.3
8/2/2021,2021,8,320,67,0.3,0.3
8/3/2021,2021,8,236,56,0.3,0.3
8/4/2021,2021,8,422,58,0.3,0.3
8/5/2021,2021,8,393,73,0.3,0.3
8/6/2021,2021,8,429,65,0.3,0.3
8/7/2021,2021,8,580,92,0.3,0.3
8/8/2021,2021,8,515,90,0.3,0.3
8/9/2021,2021,8,463,72,0.3,0.3
8/10/2021,2021,8,440,56,0.3,0.3
8/11/2021,2021,8,445,57,0.3,0.3
8/12/2021,2021,8,395,81,0.3,0.3
8/13/2021,2021,8,521,110,0.3,0.3
8/14/2021,2021,8,803,141,0.3,0.3
8/15/2021,2021,8,709,103,0.3,0.3
8/16/2021,2021,8,560,102,0.3,0.3
8/17/2021,2021,8,783,115,0.3,0.3
8/18/2021,2021,8,987,176,0.3,0.3
8/19/2021,2021,8,959,227,0.3,0.3
8/20/2021,2021,8,1526,248,0.3,0.3
8/21/2021,2021,8,1879,294,0.3,0.3
8/22/2021,2021,8,1603,240,0.3,0.3
8/23/2021,2021,8,1755,228,0.3,0.3
8/24/2021,2021,8,1648,149,0.3,0.3
8/25/2021,2021,8,1659,126,0.3,0.3
8/26/2021,2021,8,1545,105,0.3,0.3
8/27/2021,2021,8,1650,160,0.3,0.3
8/28/2021,2021,8,1677,193,0.3,0.3
8/29/2021,2021,8,1136,170,0.3,0.3
8/30/2021,2021,8,1056,91,0.3,0.3
8/31/2021,2021,8,1117,106,0.3,0.3
9/1/2021,2021,9,1081,97,0.3,0.3
9/2/2021,2021,9,1334,131,0.3,0.3
9/3/2021,2021,9,2144,209,0.3,0.3
9/4/2021,2021,9,1526,165,0.3,0.3
9/5/2021,2021,9,1335,148,0.3,0.3
9/6/2021,2021,9,931,106,0.3,0.3
9/7/2021,2021,9,1018,83,0.3,0.3
9/8/2021,2021,9,1110,72,0.3,0.3
9/9/2021,2021,9,1252,79,0.3,0.3
9/10/2021,2021,9,1659,148,0.3,0.3
9/11/2021,2021,9,2074,220,0.3,0.3
9/12/2021,2021,9,1140,111,0.3,0.3
9/13/2021,2021,9,850,72,0.3,0.3
9/14/2021,2021,9,1161,97,0.3,0.3
9/15/2021,2021,9,1233,66,0.3,0.3
9/16/2021,2021,9,1470,82,0.3,0.3
9/17/2021,2021,9,1371,107,0.3,0.3
9/18/2021,2021,9,1454,126,0.3,0.3
9/19/2021,2021,9,1069,73,0.3,0.3
9/20/2021,2021,9,1020,35,0.3,0.3
9/21/2021,2021,9,1129,44,0.3,0.3
9/22/2021,2021,9,1076,50,0.3,0.3
9/23/2021,2021,9,1209,62,0.3,0.3
9/24/2021,2021,9,1353,82,0.3,0.3
9/25/2021,2021,9,1315,72,0.3,0.3
9/26/2021,2021,9,928,65,0.3,0.3
9/27/2021,2021,9,986,46,0.3,0.3
9/28/2021,2021,9,1201,48,0.3,0.3
9/29/2021,2021,9,1029,46,0.3,0.3
9/30/2021,2021,9,1136,56,0.3,0.3
10/1/2021,2021,10,1311,56,0.3,0.3
10/2/2021,2021,10,1506,129,0.3,0.3
10/3/2021,2021,10,965,101,0.3,0.3
10/4/2021,2021,10,1044,57,0.3,0.3
10/5/2021,2021,10,1116,50,0.3,0.3
10/6/2021,2021,10,1105,54,0.3,0.3
10/7/2021,2021,10,1271,49,0.3,0.3
10/8/2021,2021,10,1844,104,0.3,0.3
10/9/2021,2021,10,2512,246,0.3,0.3
10/10/2021,2021,10,918,71,0.3,0.3
10/11/2021,2021,10,790,47,0.3,0.3
10/12/2021,2021,10,893,49,0.3,0.3
10/13/2021,2021,10,969,35,0.3,0.3
10/14/2021,2021,10,1073,26,0.3,0.3
10/15/2021,2021,10,1062,47,0.3,0.3
10/16/2021,2021,10,951,62,0.3,0.3
10/17/2021,2021,10,833,67,0.3,0.3
10/18/2021,2021,10,933,90,0.3,0.3
10/19/2021,2021,10,859,43,0.3,0.3
10/20/2021,2021,10,890,41,0.3,0.3
10/21/2021,2021,10,964,44,0.3,0.3
10/22/2021,2021,10,1013,83,0.3,0.3
10/23/2021,2021,10,1004,91,0.3,0.3
10/24/2021,2021,10,788,59,0.3,0.3
10/25/2021,2021,10,798,59,0.3,0.3
10/26/2021,2021,10,807,99,0.3,0.3
10/27/2021,2021,10,853,42,0.3,0.3
10/28/2021,2021,10,919,93,0.3,0.3
10/29/2021,2021,10,1249,83,0.3,0.3
10/30/2021,2021,10,1762,306,0.3,0.3
10/31/2021,2021,10,701,107,0.3,0.3
11/1/2021,2021,11,472,63,0.3,0.3
11/2/2021,2021,11,529,40,0.3,0.3
11/3/2021,2021,11,777,57,0.3,0.3
11/4/2021,2021,11,757,87,0.3,0.3
11/5/2021,2021,11,942,135,0.3,0.3
11/6/2021,2021,11,1008,196,0.3,0.3
11/7/2021,2021,11,634,125,0.3,0.3
11/8/2021,2021,11,651,74,0.3,0.3
11/9/2021,2021,11,719,93,0.3,0.3
11/10/2021,2021,11,713,101,0.3,0.3
11/11/2021,2021,11,667,81,0.3,0.3
11/12/2021,2021,11,828,143,0.3,0.3
11/13/2021,2021,11,1422,226,0.3,0.3
11/14/2021,2021,11,571,86,0.3,0.3
11/15/2021,2021,11,638,67,0.3,0.3
11/16/2021,2021,11,661,65,0.3,0.3
11/17/2021,2021,11,500,84,0.3,0.3
11/18/2021,2021,11,604,79,0.3,0.3
11/19/2021,2021,11,607,124,0.3,0.3
11/20/2021,2021,11,400,50,0.3,0.3
11/21/2021,2021,11,246,44,0.3,0.3
11/22/2021,2021,11,314,40,0.3,0.3
11/23/2021,2021,11,235,49,0.3,0.3
11/24/2021,2021,11,242,33,0.3,0.3
11/25/2021,2021,11,177,26,0.3,0.3
11/26/2021,2021,11,329,58,0.3,0.3
11/27/2021,2021,11,585,109,0.3,0.3
11/28/2021,2021,11,383,31,0.3,0.3
11/29/2021,2021,11,483,45,0.3,0.3
11/30/2021,2021,11,551,72,0.3,0.3
12/1/2021,2021,12,563,108,0.3,0.3
12/2/2021,2021,12,577,137,0.3,0.3
12/3/2021,2021,12,613,118,0.3,0.3
12/4/2021,2021,12,634,118,0.3,0.3
12/5/2021,2021,12,327,66,0.3,0.3
12/6/2021,2021,12,399,61,0.3,0.3
12/7/2021,2021,12,477,64,0.3,0.3
12/8/2021,2021,12,479,80,0.3,0.3
12/9/2021,2021,12,483,87,0.3,0.3
12/10/2021,2021,12,356,98,0.3,0.3
12/11/2021,2021,12,328,63,0.3,0.3
12/12/2021,2021,12,282,61,0.3,0.3
12/13/2021,2021,12,347,77,0.3,0.3
12/14/2021,2021,12,314,82,0.3,0.3
12/15/2021,2021,12,190,81,0.3,0.3
12/16/2021,2021,12,294,106,0.3,0.3
12/17/2021,2021,12,211,92,0.3,0.3
12/18/2021,2021,12,195,42,0.3,0.3
12/19/2021,2021,12,179,32,0.3,0.3
12/20/2021,2021,12,155,34,0.3,0.3
12/21/2021,2021,12,194,19,0.3,0.3
12/22/2021,2021,12,193,42,0.3,0.3
12/23/2021,2021,12,186,38,0.3,0.3
12/24/2021,2021,12,186,34,0.3,0.3
12/25/2021,2021,12,95,37,0.3,0.3
12/26/2021,2021,12,164,23,0.3,0.3
12/27/2021,2021,12,134,39,0.3,0.3
12/28/2021,2021,12,105,32,0.3,0.3
12/29/2021,2021,12,108,26,0.3,0.3
12/30/2021,2021,12,87,43,0.3,0.3
12/31/2021,2021,12,45,18,0.3,0.3
1/1/2022,2022,1,12,2,0.3,0.3
1/2/2022,2022,1,9,11,0.3,0.3
1/3/2022,2022,1,41,22,0.3,0.3
1/4/2022,2022,1,44,17,0.3,0.3
1/5/2022,2022,1,24,14,0.3,0.3
1/6/2022,2022,1,12,13,0.3,0.3
1/7/2022,2022,1,36,15,0.3,0.3
1/8/2022,2022,1,54,12,0.3,0.3
1/9/2022,2022,1,56,18,0.3,0.3
1/10/2022,2022,1,50,16,0.3,0.3
1/11/2022,2022,1,46,7,0.3,0.3
1/12/2022,2022,1,109,23,0.3,0.3
1/13/2022,2022,1,132,20,0.3,0.3
1/14/2022,2022,1,100,18,0.3,0.3
1/15/2022,2022,1,148,23,0.3,0.3
1/16/2022,2022,1,154,39,0.3,0.3
1/17/2022,2022,1,215,19,0.3,0.3
1/18/2022,2022,1,270,25,0.3,0.3
1/19/2022,2022,1,59,10,0.3,0.3
1/20/2022,2022,1,75,11,0.3,0.3
1/21/2022,2022,1,182,21,0.3,0.3
1/22/2022,2022,1,214,21,0.3,0.3
1/23/2022,2022,1,198,48,0.3,0.3
1/24/2022,2022,1,218,46,0.3,0.3
1/25/2022,2022,1,108,18,0.3,0.3
1/26/2022,2022,1,131,54,0.3,0.3
1/27/2022,2022,1,97,19,0.3,0.3
1/28/2022,2022,1,192,27,0.3,0.3
1/29/2022,2022,1,168,29,0.3,0.3
1/30/2022,2022,1,141,32,0.3,0.3
1/31/2022,2022,1,209,34,0.3,0.3
2/1/2022,2022,2,123,13,0.3,0.3
2/2/2022,2022,2,10,0,0.3,0.3
2/3/2022,2022,2,66,3,0.3,0.3
2/4/2022,2022,2,128,13,0.3,0.3
2/5/2022,2022,2,120,12,0.3,0.3
2/6/2022,2022,2,116,10,0.3,0.3
2/7/2022,2022,2,221,12,0.3,0.3
2/8/2022,2022,2,218,31,0.3,0.3
2/9/2022,2022,2,196,25,0.3,0.3
2/10/2022,2022,2,270,28,0.3,0.3
2/11/2022,2022,2,230,22,0.3,0.3
2/12/2022,2022,2,235,21,0.3,0.3
2/13/2022,2022,2,262,66,0.3,0.3
2/14/2022,2022,2,369,41,0.3,0.3
2/15/2022,2022,2,329,48,0.3,0.3
2/16/2022,2022,2,137,17,0.3,0.3
2/17/2022,2022,2,112,31,0.3,0.3
2/18/2022,2022,2,218,43,0.3,0.3
2/19/2022,2022,2,328,33,0.3,0.3
2/20/2022,2022,2,275,21,0.3,0.3
2/21/2022,2022,2,246,9,0.3,0.3
2/22/2022,2022,2,87,4,0.3,0.3
2/23/2022,2022,2,35,2,0.3,0.3
2/24/2022,2022,2,94,4,0.3,0.3
2/25/2022,2022,2,181,11,0.3,0.3
2/26/2022,2022,2,192,26,0.3,0.3
2/27/2022,2022,2,220,44,0.3,0.3
2/28/2022,2022,2,328,34,0.3,0.3
3/1/2022,2022,3,373,43,0.3,0.3
3/2/2022,2022,3,417,51,0.3,0.3
3/3/2022,2022,3,519,56,0.3,0.3
3/4/2022,2022,3,524,37,0.3,0.3
3/5/2022,2022,3,343,27,0.3,0.3
3/6/2022,2022,3,159,15,0.3,0.3
3/7/2022,2022,3,310,19,0.3,0.3
3/8/2022,2022,3,338,24,0.3,0.3
3/9/2022,2022,3,70,5,0.3,0.3
3/10/2022,2022,3,155,9,0.3,0.3
3/11/2022,2022,3,230,6,0.3,0.3
3/12/2022,2022,3,312,21,0.3,0.3
3/13/2022,2022,3,278,27,0.3,0.3
3/14/2022,2022,3,308,30,0.3,0.3
3/15/2022,2022,3,444,55,0.3,0.3
3/16/2022,2022,3,263,43,0.3,0.3
3/17/2022,2022,3,226,29,0.3,0.3
3/18/2022,2022,3,338,19,0.3,0.3
3/19/2022,2022,3,623,19,0.3,0.3
3/20/2022,2022,3,441,32,0.3,0.3
3/21/2022,2022,3,352,9,0.3,0.3
3/22/2022,2022,3,354,7,0.3,0.3
3/23/2022,2022,3,491,17,0.3,0.3
3/24/2022,2022,3,619,27,0.3,0.3
3/25/2022,2022,3,628,47,0.3,0.3
3/26/2022,2022,3,794,66,0.3,0.3
3/27/2022,2022,3,526,28,0.3,0.3
3/28/2022,2022,3,477,39,0.3,0.3
3/29/2022,2022,3,331,23,0.3,0.3
3/30/2022,2022,3,449,37,0.3,0.3
3/31/2022,2022,3,510,35,0.3,0.3
4/1/2022,2022,4,695,32,0.3,0.3
4/2/2022,2022,4,808,81,0.3,0.3
4/3/2022,2022,4,534,42,0.3,0.3
4/4/2022,2022,4,509,26,0.3,0.3
4/5/2022,2022,4,430,23,0.3,0.3
4/6/2022,2022,4,442,20,0.3,0.3
4/7/2022,2022,4,288,56,0.3,0.3
4/8/2022,2022,4,623,68,0.3,0.3
4/9/2022,2022,4,825,95,0.3,0.3
4/10/2022,2022,4,288,25,0.3,0.3
4/11/2022,2022,4,486,38,0.3,0.3
4/12/2022,2022,4,333,33,0.3,0.3
4/13/2022,2022,4,386,20,0.3,0.3
4/14/2022,2022,4,510,62,0.3,0.3
4/15/2022,2022,4,572,64,0.3,0.3
4/16/2022,2022,4,587,97,0.3,0.3
4/17/2022,2022,4,363,64,0.3,0.3
4/18/2022,2022,4,426,51,0.3,0.3
4/19/2022,2022,4,530,66,0.3,0.3
4/20/2022,2022,4,588,64,0.3,0.3
4/21/2022,2022,4,599,59,0.3,0.3
4/22/2022,2022,4,837,112,0.3,0.3
4/23/2022,2022,4,752,71,0.3,0.3
4/24/2022,2022,4,386,63,0.3,0.3
4/25/2022,2022,4,449,73,0.3,0.3
4/26/2022,2022,4,566,60,0.3,0.3
4/27/2022,2022,4,627,52,0.3,0.3
4/28/2022,2022,4,749,65,0.3,0.3
4/29/2022,2022,4,723,80,0.3,0.3
4/30/2022,2022,4,846,92,0.3,0.3
5/1/2022,2022,5,550,46,0.3,0.3
5/2/2022,2022,5,632,64,0.3,0.3
5/3/2022,2022,5,528,44,0.3,0.3
5/4/2022,2022,5,410,41,0.3,0.3
5/5/2022,2022,5,883,68,0.3,0.3
5/6/2022,2022,5,931,121,0.3,0.3
5/7/2022,2022,5,962,95,0.3,0.3
5/8/2022,2022,5,630,60,0.3,0.3
5/9/2022,2022,5,552,57,0.3,0.3
5/10/2022,2022,5,727,86,0.3,0.3
5/11/2022,2022,5,776,49,0.3,0.3
5/12/2022,2022,5,856,110,0.3,0.3
5/13/2022,2022,5,1044,111,0.3,0.3
5/14/2022,2022,5,1128,182,0.3,0.3
5/15/2022,2022,5,745,95,0.3,0.3
5/16/2022,2022,5,624,85,0.3,0.3
5/17/2022,2022,5,585,66,0.3,0.3
5/18/2022,2022,5,506,59,0.3,0.3
5/19/2022,2022,5,585,104,0.3,0.3
5/20/2022,2022,5,247,40,0.3,0.3
5/21/2022,2022,5,582,116,0.3,0.3
5/22/2022,2022,5,465,116,0.3,0.3
5/23/2022,2022,5,441,90,0.3,0.3
5/24/2022,2022,5,302,42,0.3,0.3
5/25/2022,2022,5,612,75,0.3,0.3
5/26/2022,2022,5,668,82,0.3,0.3
5/27/2022,2022,5,779,100,0.3,0.3
5/28/2022,2022,5,915,109,0.3,0.3
5/29/2022,2022,5,509,84,0.3,0.3
5/30/2022,2022,5,486,77,0.3,0.3
5/31/2022,2022,5,328,48,0.3,0.3
6/1/2022,2022,6,421,70,0.3,0.3
6/2/2022,2022,6,568,126,0.3,0.3
6/3/2022,2022,6,746,98,0.3,0.3
6/4/2022,2022,6,869,134,0.3,0.3
6/5/2022,2022,6,674,96,0.3,0.3
6/6/2022,2022,6,498,67,0.3,0.3
6/7/2022,2022,6,535,90,0.3,0.3
6/8/2022,2022,6,556,113,0.3,0.3
6/9/2022,2022,6,641,90,0.3,0.3
6/10/2022,2022,6,824,115,0.3,0.3
6/11/2022,2022,6,1163,108,0.3,0.3
6/12/2022,2022,6,1127,139,0.3,0.3
6/13/2022,2022,6,685,90,0.3,0.3
6/14/2022,2022,6,699,80,0.3,0.3
6/15/2022,2022,6,778,76,0.3,0.3
6/16/2022,2022,6,813,105,0.3,0.3
6/17/2022,2022,6,951,136,0.3,0.3
6/18/2022,2022,6,945,136,0.3,0.3
6/19/2022,2022,6,784,129,0.3,0.3
6/20/2022,2022,6,580,79,0.3,0.3
6/21/2022,2022,6,683,98,0.3,0.3
6/22/2022,2022,6,708,106,0.3,0.3
6/23/2022,2022,6,836,114,0.3,0.3
6/24/2022,2022,6,957,112,0.3,0.3
6/25/2022,2022,6,896,143,0.3,0.3
6/26/2022,2022,6,780,124,0.3,0.3
6/27/2022,2022,6,539,121,0.3,0.3
6/28/2022,2022,6,492,92,0.3,0.3
6/29/2022,2022,6,495,115,0.3,0.3
6/30/2022,2022,6,526,123,0.3,0.3
7/1/2022,2022,7,888,143,0.3,0.3
7/2/2022,2022,7,1204,197,0.3,0.3
7/3/2022,2022,7,798,167,0.3,0.3
7/4/2022,2022,7,790,112,0.3,0.3
7/5/2022,2022,7,570,160,0.3,0.3
7/6/2022,2022,7,537,177,0.3,0.3
7/7/2022,2022,7,614,127,0.3,0.3
7/8/2022,2022,7,824,156,0.3,0.3
7/9/2022,2022,7,755,156,0.3,0.3
7/10/2022,2022,7,716,167,0.3,0.3
7/11/2022,2022,7,628,121,0.3,0.3
7/12/2022,2022,7,685,132,0.3,0.3
7/13/2022,2022,7,574,148,0.3,0.3
7/14/2022,2022,7,702,190,0.3,0.3
7/15/2022,2022,7,773,202,0.3,0.3
7/16/2022,2022,7,880,269,0.3,0.3
7/17/2022,2022,7,701,235,0.3,0.3
7/18/2022,2022,7,583,181,0.3,0.3
7/19/2022,2022,7,546,160,0.3,0.3
7/20/2022,2022,7,560,164,0.3,0.3
7/21/2022,2022,7,638,150,0.3,0.3
7/22/2022,2022,7,782,215,0.3,0.3
7/23/2022,2022,7,668,158,0.3,0.3
7/24/2022,2022,7,863,208,0.3,0.3
7/25/2022,2022,7,761,228,0.3,0.3
7/26/2022,2022,7,767,213,0.3,0.3
7/27/2022,2022,7,852,152,0.3,0.3
7/28/2022,2022,7,681,124,0.3,0.3
7/29/2022,2022,7,861,163,0.3,0.3
7/30/2022,2022,7,848,162,0.3,0.3
7/31/2022,2022,7,585,151,0.3,0.3
8/1/2022,2022,8,423,128,0.3,0.3
8/2/2022,2022,8,474,99,0.3,0.3
8/3/2022,2022,8,449,90,0.3,0.3
8/4/2022,2022,8,468,159,0.3,0.3
8/5/2022,2022,8,548,197,0.3,0.3
8/6/2022,2022,8,703,193,0.3,0.3
8/7/2022,2022,8,461,173,0.3,0.3
8/8/2022,2022,8,439,132,0.3,0.3
8/9/2022,2022,8,416,134,0.3,0.3
8/10/2022,2022,8,411,186,0.3,0.3
8/11/2022,2022,8,517,193,0.3,0.3
8/12/2022,2022,8,617,235,0.3,0.3
8/13/2022,2022,8,572,268,0.3,0.3
8/14/2022,2022,8,536,218,0.3,0.3
8/15/2022,2022,8,401,150,0.3,0.3
8/16/2022,2022,8,588,233,0.3,0.3
8/17/2022,2022,8,810,287,0.3,0.3
8/18/2022,2022,8,993,388,0.3,0.3
8/19/2022,2022,8,1160,546,0.3,0.3
8/20/2022,2022,8,945,646,0.3,0.3
8/21/2022,2022,8,813,453,0.3,0.3
8/22/2022,2022,8,882,315,0.3,0.3
8/23/2022,2022,8,887,310,0.3,0.3
8/24/2022,2022,8,1005,296,0.3,0.3
8/25/2022,2022,8,978,272,0.3,0.3
8/26/2022,2022,8,1227,465,0.3,0.3
8/27/2022,2022,8,1194,595,0.3,0.3
8/28/2022,2022,8,738,443,0.3,0.3
8/29/2022,2022,8,686,336,0.3,0.3
8/30/2022,2022,8,877,260,0.3,0.3
8/31/2022,2022,8,959,255,0.3,0.3
9/1/2022,2022,9,770,312,0.3,0.3
9/2/2022,2022,9,862,405,0.3,0.3
9/3/2022,2022,9,1293,918,0.3,0.3
9/4/2022,2022,9,873,461,0.3,0.3
9/5/2022,2022,9,719,333,0.3,0.3
9/6/2022,2022,9,727,321,0.3,0.3
9/7/2022,2022,9,824,279,0.3,0.3
9/8/2022,2022,9,830,318,0.3,0.3
9/9/2022,2022,9,625,325,0.3,0.3
9/10/2022,2022,9,1037,448,0.3,0.3
9/11/2022,2022,9,672,344,0.3,0.3
9/12/2022,2022,9,719,332,0.3,0.3
9/13/2022,2022,9,798,295,0.3,0.3
9/14/2022,2022,9,745,288,0.3,0.3
9/15/2022,2022,9,786,321,0.3,0.3
9/16/2022,2022,9,1036,306,0.3,0.3
9/17/2022,2022,9,902,351,0.3,0.3
9/18/2022,2022,9,748,315,0.3,0.3
9/19/2022,2022,9,594,250,0.3,0.3
9/20/2022,2022,9,719,255,0.3,0.3
9/21/2022,2022,9,555,213,0.3,0.3
9/22/2022,2022,9,653,227,0.3,0.3
9/23/2022,2022,9,955,382,0.3,0.3
9/24/2022,2022,9,932,675,0.3,0.3
9/25/2022,2022,9,561,362,0.3,0.3
9/26/2022,2022,9,585,183,0.3,0.3
9/27/2022,2022,9,661,237,0.3,0.3
9/28/2022,2022,9,661,279,0.3,0.3
9/29/2022,2022,9,559,328,0.3,0.3
9/30/2022,2022,9,495,375,0.3,0.3
10/1/2022,2022,10,478,495,0.3,0.3
10/2/2022,2022,10,383,313,0.3,0.3
10/3/2022,2022,10,525,205,0.3,0.3
10/4/2022,2022,10,562,274,0.3,0.3
10/5/2022,2022,10,580,317,0.3,0.3
10/6/2022,2022,10,714,348,0.3,0.3
10/7/2022,2022,10,511,301,0.3,0.3
10/8/2022,2022,10,602,367,0.3,0.3
10/9/2022,2022,10,433,308,0.3,0.3
10/10/2022,2022,10,624,235,0.3,0.3
10/11/2022,2022,10,530,202,0.3,0.3
10/12/2022,2022,10,614,199,0.3,0.3
10/13/2022,2022,10,578,255,0.3,0.3
10/14/2022,2022,10,812,363,0.3,0.3
10/15/2022,2022,10,1308,712,0.3,0.3
10/16/2022,2022,10,476,343,0.3,0.3
10/17/2022,2022,10,429,256,0.3,0.3
10/18/2022,2022,10,492,239,0.3,0.3
10/19/2022,2022,10,421,263,0.3,0.3
10/20/2022,2022,10,464,254,0.3,0.3
10/21/2022,2022,10,846,252,0.3,0.3
10/22/2022,2022,10,949,340,0.3,0.3
10/23/2022,2022,10,394,178,0.3,0.3
10/24/2022,2022,10,360,101,0.3,0.3
10/25/2022,2022,10,410,111,0.3,0.3
10/26/2022,2022,10,589,102,0.3,0.3
10/27/2022,2022,10,561,79,0.3,0.3
10/28/2022,2022,10,779,119,0.3,0.3
10/29/2022,2022,10,864,111,0.3,0.3
10/30/2022,2022,10,567,98,0.3,0.3
10/31/2022,2022,10,542,61,0.3,0.3
11/1/2022,2022,11,416,99,0.3,0.3
11/2/2022,2022,11,410,74,0.3,0.3
11/3/2022,2022,11,320,62,0.3,0.3
11/4/2022,2022,11,320,77,0.3,0.3
11/5/2022,2022,11,342,162,0.3,0.3
11/6/2022,2022,11,290,113,0.3,0.3
11/7/2022,2022,11,451,99,0.3,0.3
11/8/2022,2022,11,516,130,0.3,0.3
11/9/2022,2022,11,384,152,0.3,0.3
11/10/2022,2022,11,419,119,0.3,0.3
11/11/2022,2022,11,447,143,0.3,0.3
11/12/2022,2022,11,765,244,0.3,0.3
11/13/2022,2022,11,295,127,0.3,0.3
11/14/2022,2022,11,355,92,0.3,0.3
11/15/2022,2022,11,370,134,0.3,0.3
11/16/2022,2022,11,301,117,0.3,0.3
11/17/2022,2022,11,104,71,0.3,0.3
11/18/2022,2022,11,77,47,0.3,0.3
11/19/2022,2022,11,84,40,0.3,0.3
11/20/2022,2022,11,150,33,0.3,0.3
11/21/2022,2022,11,129,47,0.3,0.3
11/22/2022,2022,11,134,39,0.3,0.3
11/23/2022,2022,11,114,25,0.3,0.3
11/24/2022,2022,11,114,36,0.3,0.3
11/25/2022,2022,11,289,37,0.3,0.3
11/26/2022,2022,11,186,57,0.3,0.3
11/27/2022,2022,11,144,50,0.3,0.3
11/28/2022,2022,11,278,64,0.3,0.3
11/29/2022,2022,11,43,28,0.3,0.3
11/30/2022,2022,11,135,31,0.3,0.3
12/1/2022,2022,12,179,59,0.4,0.4
12/2/2022,2022,12,237,44,0.4,0.4
12/3/2022,2022,12,201,48,0.4,0.4
12/4/2022,2022,12,215,70,0.4,0.4
12/5/2022,2022,12,275,60,0.4,0.4
12/6/2022,2022,12,238,53,0.4,0.4
12/7/2022,2022,12,229,70,0.4,0.4
12/8/2022,2022,12,281,63,0.4,0.4
12/9/2022,2022,12,271,92,0.4,0.4
12/10/2022,2022,12,267,96,0.4,0.4
12/11/2022,2022,12,276,62,0.4,0.4
12/12/2022,2022,12,267,62,0.4,0.4
12/13/2022,2022,12,177,54,0.4,0.4
12/14/2022,2022,12,164,45,0.4,0.4
12/15/2022,2022,12,194,53,0.4,0.4
12/16/2022,2022,12,152,56,0.4,0.4
12/17/2022,2022,12,120,36,0.4,0.4
12/18/2022,2022,12,91,26,0.4,0.4
12/19/2022,2022,12,111,32,0.4,0.4
12/20/2022,2022,12,72,27,0.4,0.4
12/21/2022,2022,12,56,10,0.4,0.4
12/22/2022,2022,12,2,0,0.4,0.4
12/23/2022,2022,12,5,3,0.4,0.4
12/24/2022,2022,12,34,15,0.4,0.4
12/25/2022,2022,12,23,6,0.4,0.4
12/26/2022,2022,12,62,15,0.4,0.4
12/27/2022,2022,12,34,14,0.4,0.4
12/28/2022,2022,12,40,7,0.4,0.4
12/29/2022,2022,12,36,8,0.4,0.4
12/30/2022,2022,12,45,18,0.4,0.4
12/31/2022,2022,12,112,36,0.4,0.4
1/1/2023,2023,1,146,45,0.4,0.4
1/2/2023,2023,1,22,7,0.4,0.4
1/3/2023,2023,1,35,12,0.4,0.4
1/4/2023,2023,1,31,11,0.4,0.4
1/5/2023,2023,1,57,20,0.4,0.4
1/6/2023,2023,1,78,23,0.4,0.4
1/7/2023,2023,1,104,16,0.4,0.4
1/8/2023,2023,1,91,23,0.4,0.4
1/9/2023,2023,1,101,30,0.4,0.4
1/10/2023,2023,1,95,27,0.4,0.4
1/11/2023,2023,1,73,26,0.4,0.4
1/12/2023,2023,1,115,27,0.4,0.4
1/13/2023,2023,1,159,26,0.4,0.4
1/14/2023,2023,1,207,30,0.4,0.4
1/15/2023,2023,1,208,46,0.4,0.4
1/16/2023,2023,1,239,37,0.4,0.4
1/17/2023,2023,1,226,56,0.4,0.4
1/18/2023,2023,1,33,0,0.4,0.4
1/19/2023,2023,1,111,27,0.4,0.4
1/20/2023,2023,1,203,34,0.4,0.4
1/21/2023,2023,1,139,33,0.4,0.4
1/22/2023,2023,1,193,47,0.4,0.4
1/23/2023,2023,1,196,28,0.4,0.4
1/24/2023,2023,1,209,42,0.4,0.4
1/25/2023,2023,1,212,44,0.4,0.4
1/26/2023,2023,1,272,65,0.4,0.4
1/27/2023,2023,1,314,52,0.4,0.4
1/28/2023,2023,1,123,57,0.4,0.4
1/29/2023,2023,1,63,15,0.4,0.4
1/30/2023,2023,1,51,18,0.4,0.4
1/31/2023,2023,1,151,50,0.4,0.4
2/1/2023,2023,2,161,61,0.4,0.4
2/2/2023,2023,2,261,74,0.4,0.4
2/3/2023,2023,2,286,76,0.4,0.4
2/4/2023,2023,2,302,68,0.4,0.4
2/5/2023,2023,2,211,51,0.4,0.4
2/6/2023,2023,2,266,54,0.4,0.4
2/7/2023,2023,2,282,64,0.4,0.4
2/8/2023,2023,2,269,54,0.4,0.4
2/9/2023,2023,2,273,55,0.4,0.4
2/10/2023,2023,2,300,46,0.4,0.4
2/11/2023,2023,2,379,63,0.4,0.4
2/12/2023,2023,2,283,87,0.4,0.4
2/13/2023,2023,2,295,54,0.4,0.4
2/14/2023,2023,2,325,54,0.4,0.4
2/15/2023,2023,2,118,23,0.4,0.4
2/16/2023,2023,2,231,50,0.4,0.4
2/17/2023,2023,2,289,53,0.4,0.4
2/18/2023,2023,2,344,41,0.4,0.4
2/19/2023,2023,2,308,36,0.4,0.4
2/20/2023,2023,2,323,40,0.4,0.4
2/21/2023,2023,2,272,68,0.4,0.4
2/22/2023,2023,2,29,11,0.4,0.4
2/23/2023,2023,2,39,23,0.4,0.4
2/24/2023,2023,2,154,47,0.4,0.4
2/25/2023,2023,2,198,34,0.4,0.4
2/26/2023,2023,2,240,42,0.4,0.4
2/27/2023,2023,2,369,40,0.4,0.4
2/28/2023,2023,2,322,40,0.4,0.4
3/1/2023,2023,3,260,34,0.4,0.4
3/2/2023,2023,3,336,44,0.4,0.4
3/3/2023,2023,3,503,42,0.4,0.4
3/4/2023,2023,3,381,49,0.4,0.4
3/5/2023,2023,3,271,56,0.4,0.4
3/6/2023,2023,3,291,73,0.4,0.4
3/7/2023,2023,3,290,60,0.4,0.4
3/8/2023,2023,3,293,52,0.4,0.4
3/9/2023,2023,3,389,39,0.4,0.4
3/10/2023,2023,3,408,53,0.4,0.4
3/11/2023,2023,3,271,61,0.4,0.4
3/12/2023,2023,3,165,35,0.4,0.4
3/13/2023,2023,3,184,44,0.4,0.4
3/14/2023,2023,3,210,45,0.4,0.4
3/15/2023,2023,3,211,54,0.4,0.4
3/16/2023,2023,3,191,23,0.4,0.4
3/17/2023,2023,3,343,48,0.4,0.4
3/18/2023,2023,3,263,64,0.4,0.4
3/19/2023,2023,3,303,65,0.4,0.4
3/20/2023,2023,3,389,50,0.4,0.4
3/21/2023,2023,3,391,76,0.4,0.4
3/22/2023,2023,3,262,47,0.4,0.4
3/23/2023,2023,3,509,82,0.4,0.4
3/24/2023,2023,3,562,83,0.4,0.4
3/25/2023,2023,3,250,48,0.4,0.4
3/26/2023,2023,3,314,56,0.4,0.4
3/27/2023,2023,3,119,12,0.4,0.4
3/28/2023,2023,3,297,50,0.4,0.4
3/29/2023,2023,3,480,45,0.4,0.4
3/30/2023,2023,3,487,74,0.4,0.4
3/31/2023,2023,3,428,62,0.4,0.4
4/1/2023,2023,4,581,153,0.4,0.4
4/2/2023,2023,4,511,94,0.4,0.4
4/3/2023,2023,4,411,66,0.4,0.4
4/4/2023,2023,4,217,36,0.4,0.4
4/5/2023,2023,4,438,68,0.4,0.4
4/6/2023,2023,4,432,60,0.4,0.4
4/7/2023,2023,4,628,132,0.4,0.4
4/8/2023,2023,4,581,99,0.4,0.4
4/9/2023,2023,4,555,97,0.4,0.4
4/10/2023,2023,4,548,94,0.4,0.4
4/11/2023,2023,4,616,94,0.4,0.4
4/12/2023,2023,4,694,131,0.4,0.4
4/13/2023,2023,4,774,122,0.4,0.4
4/14/2023,2023,4,474,71,0.4,0.4
4/15/2023,2023,4,577,84,0.4,0.4
4/16/2023,2023,4,569,123,0.4,0.4
4/17/2023,2023,4,549,122,0.4,0.4
4/18/2023,2023,4,650,149,0.4,0.4
4/19/2023,2023,4,539,107,0.4,0.4
4/20/2023,2023,4,637,134,0.4,0.4
4/21/2023,2023,4,610,117,0.4,0.4
4/22/2023,2023,4,423,87,0.4,0.4
4/23/2023,2023,4,514,127,0.4,0.4
4/24/2023,2023,4,513,143,0.4,0.4
4/25/2023,2023,4,474,100,0.4,0.4
4/26/2023,2023,4,590,129,0.4,0.4
4/27/2023,2023,4,646,146,0.4,0.4
4/28/2023,2023,4,856,194,0.4,0.4
4/29/2023,2023,4,1157,294,0.4,0.4
4/30/2023,2023,4,576,252,0.4,0.4
5/1/2023,2023,5,818,230,0.4,0.4
5/2/2023,2023,5,670,190,0.4,0.4
5/3/2023,2023,5,768,140,0.4,0.4
5/4/2023,2023,5,692,173,0.4,0.4
5/5/2023,2023,5,900,223,0.4,0.4
5/6/2023,2023,5,952,209,0.4,0.4
5/7/2023,2023,5,596,148,0.4,0.4
5/8/2023,2023,5,642,133,0.4,0.4
5/9/2023,2023,5,687,184,0.4,0.4
5/10/2023,2023,5,592,86,0.4,0.4
5/11/2023,2023,5,414,71,0.4,0.4
5/12/2023,2023,5,607,168,0.4,0.4
5/13/2023,2023,5,637,199,0.4,0.4
5/14/2023,2023,5,246,61,0.4,0.4
5/15/2023,2023,5,302,92,0.4,0.4
5/16/2023,2023,5,438,111,0.4,0.4
5/17/2023,2023,5,492,120,0.4,0.4
5/18/2023,2023,5,368,59,0.4,0.4
5/19/2023,2023,5,479,150,0.4,0.4
5/20/2023,2023,5,575,144,0.4,0.4
5/21/2023,2023,5,517,175,0.4,0.4
5/22/2023,2023,5,492,146,0.4,0.4
5/23/2023,2023,5,603,160,0.4,0.4
5/24/2023,2023,5,483,152,0.4,0.4
5/25/2023,2023,5,564,175,0.4,0.4
5/26/2023,2023,5,638,144,0.4,0.4
5/27/2023,2023,5,648,179,0.4,0.4
5/28/2023,2023,5,659,174,0.4,0.4
5/29/2023,2023,5,522,153,0.4,0.4
5/30/2023,2023,5,478,119,0.4,0.4
5/31/2023,2023,5,369,121,0.4,0.4
6/1/2023,2023,6,401,145,0.4,0.4
6/2/2023,2023,6,697,180,0.4,0.4
6/3/2023,2023,6,545,199,0.4,0.4
6/4/2023,2023,6,275,73,0.4,0.4
6/5/2023,2023,6,437,74,0.4,0.4
6/6/2023,2023,6,517,130,0.4,0.4
6/7/2023,2023,6,528,157,0.4,0.4
6/8/2023,2023,6,634,169,0.4,0.4
6/9/2023,2023,6,560,171,0.4,0.4
6/10/2023,2023,6,793,299,0.4,0.4
6/11/2023,2023,6,432,199,0.4,0.4
6/12/2023,2023,6,394,112,0.4,0.4
6/13/2023,2023,6,475,148,0.4,0.4
6/14/2023,2023,6,594,230,0.4,0.4
6/15/2023,2023,6,609,212,0.4,0.4
6/16/2023,2023,6,496,135,0.4,0.4
6/17/2023,2023,6,575,163,0.4,0.4
6/18/2023,2023,6,482,235,0.4,0.4
6/19/2023,2023,6,503,220,0.4,0.4
6/20/2023,2023,6,598,277,0.4,0.4
6/21/2023,2023,6,564,228,0.4,0.4
6/22/2023,2023,6,751,272,0.4,0.4
6/23/2023,2023,6,733,300,0.4,0.4
6/24/2023,2023,6,804,224,0.4,0.4
6/25/2023,2023,6,523,221,0.4,0.4
6/26/2023,2023,6,534,265,0.4,0.4
6/27/2023,2023,6,625,240,0.4,0.4
6/28/2023,2023,6,587,274,0.4,0.4
6/29/2023,2023,6,679,268,0.4,0.4
6/30/2023,2023,6,610,210,0.4,0.4
7/1/2023,2023,7,799,280,0.4,0.4
7/2/2023,2023,7,662,270,0.4,0.4
7/3/2023,2023,7,471,181,0.4,0.4
7/4/2023,2023,7,678,206,0.4,0.4
7/5/2023,2023,7,407,132,0.4,0.4
7/6/2023,2023,7,471,173,0.4,0.4
7/7/2023,2023,7,494,181,0.4,0.4
7/8/2023,2023,7,567,180,0.4,0.4
7/9/2023,2023,7,561,223,0.4,0.4
7/10/2023,2023,7,559,176,0.4,0.4
7/11/2023,2023,7,663,199,0.4,0.4
7/12/2023,2023,7,644,213,0.4,0.4
7/13/2023,2023,7,712,269,0.4,0.4
7/14/2023,2023,7,769,359,0.4,0.4
7/15/2023,2023,7,714,351,0.4,0.4
7/16/2023,2023,7,484,253,0.4,0.4
7/17/2023,2023,7,535,214,0.4,0.4
7/18/2023,2023,7,618,188,0.4,0.4
7/19/2023,2023,7,574,225,0.4,0.4
7/20/2023,2023,7,443,143,0.4,0.4
7/21/2023,2023,7,724,242,0.4,0.4
7/22/2023,2023,7,702,240,0.4,0.4
7/23/2023,2023,7,507,212,0.4,0.4
7/24/2023,2023,7,567,218,0.4,0.4
7/25/2023,2023,7,487,251,0.4,0.4
7/26/2023,2023,7,515,175,0.4,0.4
7/27/2023,2023,7,571,204,0.4,0.4
7/28/2023,2023,7,645,203,0.4,0.4
7/29/2023,2023,7,694,190,0.4,0.4
7/30/2023,2023,7,459,211,0.4,0.4
7/31/2023,2023,7,405,139,0.4,0.4
8/1/2023,2023,8,527,168,0.4,0.4
8/2/2023,2023,8,565,166,0.4,0.4
8/3/2023,2023,8,481,131,0.4,0.4
8/4/2023,2023,8,650,214,0.4,0.4
8/5/2023,2023,8,584,211,0.4,0.4
8/6/2023,2023,8,367,160,0.4,0.4
8/7/2023,2023,8,392,170,0.4,0.4
8/8/2023,2023,8,395,141,0.4,0.4
8/9/2023,2023,8,473,192,0.4,0.4
8/10/2023,2023,8,465,226,0.4,0.4
8/11/2023,2023,8,544,217,0.4,0.4
8/12/2023,2023,8,615,194,0.4,0.4
8/13/2023,2023,8,547,264,0.4,0.4
8/14/2023,2023,8,531,181,0.4,0.4
8/15/2023,2023,8,621,250,0.4,0.4
8/16/2023,2023,8,666,218,0.4,0.4
8/17/2023,2023,8,848,344,0.4,0.4
8/18/2023,2023,8,801,364,0.4,0.4
8/19/2023,2023,8,779,474,0.4,0.4
8/20/2023,2023,8,779,412,0.4,0.4
8/21/2023,2023,8,713,352,0.4,0.4
8/22/2023,2023,8,832,276,0.4,0.4
8/23/2023,2023,8,761,308,0.4,0.4
8/24/2023,2023,8,655,360,0.4,0.4
8/25/2023,2023,8,449,239,0.4,0.4
8/26/2023,2023,8,880,585,0.4,0.4
8/27/2023,2023,8,508,295,0.4,0.4
8/28/2023,2023,8,372,213,0.4,0.4
8/29/2023,2023,8,538,240,0.4,0.4
8/30/2023,2023,8,521,256,0.4,0.4
8/31/2023,2023,8,734,271,0.4,0.4
9/1/2023,2023,9,810,328,0.4,0.4
9/2/2023,2023,9,939,496,0.4,0.4
9/3/2023,2023,9,544,294,0.4,0.4
9/4/2023,2023,9,446,192,0.4,0.4
9/5/2023,2023,9,623,168,0.4,0.4
9/6/2023,2023,9,672,233,0.4,0.4
9/7/2023,2023,9,641,236,0.4,0.4
9/8/2023,2023,9,709,212,0.4,0.4
9/9/2023,2023,9,549,296,0.4,0.4
9/10/2023,2023,9,405,149,0.4,0.4
9/11/2023,2023,9,601,191,0.4,0.4
9/12/2023,2023,9,632,234,0.4,0.4
9/13/2023,2023,9,620,232,0.4,0.4
9/14/2023,2023,9,601,196,0.4,0.4
9/15/2023,2023,9,693,239,0.4,0.4
9/16/2023,2023,9,622,290,0.4,0.4
9/17/2023,2023,9,371,277,0.4,0.4
9/18/2023,2023,9,448,222,0.4,0.4
9/19/2023,2023,9,584,165,0.4,0.4
9/20/2023,2023,9,683,204,0.4,0.4
9/21/2023,2023,9,797,256,0.4,0.4
9/22/2023,2023,9,835,266,0.4,0.4
9/23/2023,2023,9,685,272,0.4,0.4
9/24/2023,2023,9,498,204,0.4,0.4
9/25/2023,2023,9,531,191,0.4,0.4
9/26/2023,2023,9,525,237,0.4,0.4
9/27/2023,2023,9,657,257,0.4,0.4
9/28/2023,2023,9,698,269,0.4,0.4
9/29/2023,2023,9,675,361,0.4,0.4
9/30/2023,2023,9,946,447,0.4,0.4
10/1/2023,2023,10,414,222,0.4,0.4
10/2/2023,2023,10,432,183,0.4,0.4
10/3/2023,2023,10,515,164,0.4,0.4
10/4/2023,2023,10,547,190,0.4,0.4
10/5/2023,2023,10,638,212,0.4,0.4
10/6/2023,2023,10,660,235,0.4,0.4
10/7/2023,2023,10,643,335,0.4,0.4
10/8/2023,2023,10,386,225,0.4,0.4
10/9/2023,2023,10,527,183,0.4,0.4
10/10/2023,2023,10,575,136,0.4,0.4
10/11/2023,2023,10,651,128,0.4,0.4
10/12/2023,2023,10,571,151,0.4,0.4
10/13/2023,2023,10,584,202,0.4,0.4
10/14/2023,2023,10,873,434,0.4,0.4
10/15/2023,2023,10,424,220,0.4,0.4
10/16/2023,2023,10,540,143,0.4,0.4
10/17/2023,2023,10,656,156,0.4,0.4
10/18/2023,2023,10,593,166,0.4,0.4
10/19/2023,2023,10,604,191,0.4,0.4
10/20/2023,2023,10,615,209,0.4,0.4
10/21/2023,2023,10,475,229,0.4,0.4
10/22/2023,2023,10,430,186,0.4,0.4
10/23/2023,2023,10,600,148,0.4,0.4
10/24/2023,2023,10,615,124,0.4,0.4
10/25/2023,2023,10,538,156,0.4,0.4
10/26/2023,2023,10,494,88,0.4,0.4
10/27/2023,2023,10,569,172,0.4,0.4
10/28/2023,2023,10,391,123,0.4,0.4
10/29/2023,2023,10,204,64,0.4,0.4
10/30/2023,2023,10,281,63,0.4,0.4
10/31/2023,2023,10,428,124,0.4,0.4
11/1/2023,2023,11,470,141,0.4,0.4
11/2/2023,2023,11,467,144,0.4,0.4
11/3/2023,2023,11,607,162,0.4,0.4
11/4/2023,2023,11,458,121,0.4,0.4
11/5/2023,2023,11,368,105,0.4,0.4
11/6/2023,2023,11,406,99,0.4,0.4
11/7/2023,2023,11,431,102,0.4,0.4
11/8/2023,2023,11,391,124,0.4,0.4
11/9/2023,2023,11,378,94,0.4,0.4
11/10/2023,2023,11,411,152,0.4,0.4
11/11/2023,2023,11,546,192,0.4,0.4
11/12/2023,2023,11,244,122,0.4,0.4
11/13/2023,2023,11,240,141,0.4,0.4
11/14/2023,2023,11,351,99,0.4,0.4
11/15/2023,2023,11,400,109,0.4,0.4
11/16/2023,2023,11,390,118,0.4,0.4
11/17/2023,2023,11,367,107,0.4,0.4
11/18/2023,2023,11,283,114,0.4,0.4
11/19/2023,2023,11,140,73,0.4,0.4
11/20/2023,2023,11,147,34,0.4,0.4
11/21/2023,2023,11,153,63,0.4,0.4
11/22/2023,2023,11,194,99,0.4,0.4
11/23/2023,2023,11,90,38,0.4,0.4
11/24/2023,2023,11,18,20,0.4,0.4
11/25/2023,2023,11,32,2,0.4,0.4
11/26/2023,2023,11,72,20,0.4,0.4
11/27/2023,2023,11,201,46,0.4,0.4
11/28/2023,2023,11,246,70,0.4,0.4
11/29/2023,2023,11,361,61,0.4,0.4
11/30/2023,2023,11,274,79,0.4,0.4
12/1/2023,2023,12,306,92,0.4,0.4
12/2/2023,2023,12,209,72,0.4,0.4
12/3/2023,2023,12,202,68,0.4,0.4
12/4/2023,2023,12,249,107,0.4,0.4
12/5/2023,2023,12,304,79,0.4,0.4
12/6/2023,2023,12,354,127,0.4,0.4
12/7/2023,2023,12,339,98,0.4,0.4
12/8/2023,2023,12,334,108,0.4,0.4
12/9/2023,2023,12,227,67,0.4,0.4
12/10/2023,2023,12,196,61,0.4,0.4
12/11/2023,2023,12,230,83,0.4,0.4
12/12/2023,2023,12,224,67,0.4,0.4
12/13/2023,2023,12,173,73,0.4,0.4
12/14/2023,2023,12,205,67,0.4,0.4
12/15/2023,2023,12,199,86,0.4,0.4
12/16/2023,2023,12,157,52,0.4,0.4
12/17/2023,2023,12,140,44,0.4,0.4
12/18/2023,2023,12,100,25,0.4,0.4
12/19/2023,2023,12,126,29,0.4,0.4
12/20/2023,2023,12,104,29,0.4,0.4
12/21/2023,2023,12,100,56,0.4,0.4
12/22/2023,2023,12,138,66,0.4,0.4
12/23/2023,2023,12,114,27,0.4,0.4
12/24/2023,2023,12,55,28,0.4,0.4
12/25/2023,2023,12,27,5,0.4,0.4
12/26/2023,2023,12,38,20,0.4,0.4
12/27/2023,2023,12,70,24,0.4,0.4
12/28/2023,2023,12,90,46,0.4,0.4
12/29/2023,2023,12,106,57,0.4,0.4
12/30/2023,2023,12,107,48,0.4,0.4
12/31/2023,2023,12,137,36,0.4,0.4
1/1/2024,2024,1,135,52,0.4,0.4
1/2/2024,2024,1,80,41,0.4,0.4
1/3/2024,2024,1,66,40,0.4,0.4
1/4/2024,2024,1,65,28,0.4,0.4
1/5/2024,2024,1,84,51,0.4,0.4
1/6/2024,2024,1,90,48,0.4,0.4
1/7/2024,2024,1,63,37,0.4,0.4
1/8/2024,2024,1,54,38,0.4,0.4
1/9/2024,2024,1,84,35,0.4,0.4
1/10/2024,2024,1,54,33,0.4,0.4
1/11/2024,2024,1,70,32,0.4,0.4
1/12/2024,2024,1,58,34,0.4,0.4
1/13/2024,2024,1,16,8,0.4,0.4
1/14/2024,2024,1,17,9,0.4,0.4
1/15/2024,2024,1,12,0,0.4,0.4
1/16/2024,2024,1,15,2,0.4,0.4
1/17/2024,2024,1,121,39,0.4,0.4
1/18/2024,2024,1,59,26,0.4,0.4
1/19/2024,2024,1,128,42,0.4,0.4
1/20/2024,2024,1,87,26,0.4,0.4
1/21/2024,2024,1,95,34,0.4,0.4
1/22/2024,2024,1,192,57,0.4,0.4
1/23/2024,2024,1,176,76,0.4,0.4
1/24/2024,2024,1,139,83,0.4,0.4
1/25/2024,2024,1,174,63,0.4,0.4
1/26/2024,2024,1,171,82,0.4,0.4
1/27/2024,2024,1,161,48,0.4,0.4
1/28/2024,2024,1,140,45,0.4,0.4
1/29/2024,2024,1,168,64,0.4,0.4
1/30/2024,2024,1,185,93,0.4,0.4
1/31/2024,2024,1,126,71,0.4,0.4
2/1/2024,2024,2,135,95,0.4,0.4
2/2/2024,2024,2,143,85,0.4,0.4
2/3/2024,2024,2,55,12,0.4,0.4
2/4/2024,2024,2,75,28,0.4,0.4
2/5/2024,2024,2,114,68,0.4,0.4
2/6/2024,2024,2,189,0,0.4,0.4
2/7/2024,2024,2,155,7,0.4,0.4
2/8/2024,2024,2,173,50,0.4,0.4
2/9/2024,2024,2,164,41,0.4,0.4
2/10/2024,2024,2,70,9,0.4,0.4
2/11/2024,2024,2,141,33,0.4,0.4
2/12/2024,2024,2,165,21,0.4,0.4
2/13/2024,2024,2,207,37,0.4,0.4
2/14/2024,2024,2,198,50,0.4,0.4
2/15/2024,2024,2,199,41,0.4,0.4
2/16/2024,2024,2,135,30,0.4,0.4
2/17/2024,2024,2,96,42,0.4,0.4
2/18/2024,2024,2,106,35,0.4,0.4
2/19/2024,2024,2,160,54,0.4,0.4
2/20/2024,2024,2,190,52,0.4,0.4
2/21/2024,2024,2,204,73,0.4,0.4
2/22/2024,2024,2,184,63,0.4,0.4
2/23/2024,2024,2,202,58,0.4,0.4
2/24/2024,2024,2,169,48,0.4,0.4
2/25/2024,2024,2,190,61,0.4,0.4
2/26/2024,2024,2,194,46,0.4,0.4
2/27/2024,2024,2,248,54,0.4,0.4
2/28/2024,2024,2,243,65,0.4,0.4
2/29/2024,2024,2,272,58,0.4,0.4
3/1/2024,2024,3,309,82,0.4,0.4
3/2/2024,2024,3,285,82,0.4,0.4
3/3/2024,2024,3,137,48,0.4,0.4
3/4/2024,2024,3,121,59,0.4,0.4
3/5/2024,2024,3,125,52,0.4,0.4
3/6/2024,2024,3,178,79,0.4,0.4
3/7/2024,2024,3,177,50,0.4,0.4
3/8/2024,2024,3,161,40,0.4,0.4
3/9/2024,2024,3,149,31,0.4,0.4
3/10/2024,2024,3,152,52,0.4,0.4
3/11/2024,2024,3,125,41,0.4,0.4
3/12/2024,2024,3,168,38,0.4,0.4
3/13/2024,2024,3,108,30,0.4,0.4
3/14/2024,2024,3,35,16,0.4,0.4
3/15/2024,2024,3,59,20,0.4,0.4
3/16/2024,2024,3,142,59,0.4,0.4
3/17/2024,2024,3,174,38,0.4,0.4
3/18/2024,2024,3,210,30,0.4,0.4
3/19/2024,2024,3,292,53,0.4,0.4
3/20/2024,2024,3,300,39,0.4,0.4
3/21/2024,2024,3,392,67,0.4,0.4
3/22/2024,2024,3,437,80,0.4,0.4
3/23/2024,2024,3,301,93,0.4,0.4
3/24/2024,2024,3,132,49,0.4,0.4
3/25/2024,2024,3,161,38,0.4,0.4
3/26/2024,2024,3,179,53,0.4,0.4
3/27/2024,2024,3,286,61,0.4,0.4
3/28/2024,2024,3,352,78,0.4,0.4
3/29/2024,2024,3,300,72,0.4,0.4
3/30/2024,2024,3,337,84,0.4,0.4
3/31/2024,2024,3,249,71,0.4,0.4
4/1/2024,2024,4,218,49,0.4,0.4
4/2/2024,2024,4,362,62,0.4,0.4
4/3/2024,2024,4,402,77,0.4,0.4
4/4/2024,2024,4,464,59,0.4,0.4
4/5/2024,2024,4,531,87,0.4,0.4
4/6/2024,2024,4,287,51,0.4,0.4
4/7/2024,2024,4,190,38,0.4,0.4
4/8/2024,2024,4,327,54,0.4,0.4
4/9/2024,2024,4,394,64,0.4,0.4
4/10/2024,2024,4,405,43,0.4,0.4
4/11/2024,2024,4,473,91,0.4,0.4
4/12/2024,2024,4,592,104,0.4,0.4
4/13/2024,2024,4,496,95,0.4,0.4
4/14/2024,2024,4,521,80,0.4,0.4
4/15/2024,2024,4,369,66,0.4,0.4
4/16/2024,2024,4,400,66,0.4,0.4
4/17/2024,2024,4,408,88,0.4,0.4
4/18/2024,2024,4,301,31,0.4,0.4
4/19/2024,2024,4,343,44,0.4,0.4
4/20/2024,2024,4,294,47,0.4,0.4
4/21/2024,2024,4,313,65,0.4,0.4
4/22/2024,2024,4,382,79,0.4,0.4
4/23/2024,2024,4,431,63,0.4,0.4
4/24/2024,2024,4,380,67,0.4,0.4
4/25/2024,2024,4,500,73,0.4,0.4
4/26/2024,2024,4,503,79,0.4,0.4
4/27/2024,2024,4,265,43,0.4,0.4
4/28/2024,2024,4,420,111,0.4,0.4
4/29/2024,2024,4,734,102,0.4,0.4
4/30/2024,2024,4,475,65,0.4,0.4
5/1/2024,2024,5,477,84,0.4,0.4
5/2/2024,2024,5,547,87,0.4,0.4
5/3/2024,2024,5,479,117,0.4,0.4
5/4/2024,2024,5,558,111,0.4,0.4
5/5/2024,2024,5,443,104,0.4,0.4
5/6/2024,2024,5,374,75,0.4,0.4
5/7/2024,2024,5,381,73,0.4,0.4
5/8/2024,2024,5,506,61,0.4,0.4
5/9/2024,2024,5,399,79,0.4,0.4
5/10/2024,2024,5,566,103,0.4,0.4
5/11/2024,2024,5,549,88,0.4,0.4
5/12/2024,2024,5,343,74,0.4,0.4
5/13/2024,2024,5,230,67,0.4,0.4
5/14/2024,2024,5,330,75,0.4,0.4
5/15/2024,2024,5,289,54,0.4,0.4
5/16/2024,2024,5,307,69,0.4,0.4
5/17/2024,2024,5,388,81,0.4,0.4
5/18/2024,2024,5,404,90,0.4,0.4
5/19/2024,2024,5,262,69,0.4,0.4
5/20/2024,2024,5,276,47,0.4,0.4
5/21/2024,2024,5,195,59,0.4,0.4
5/22/2024,2024,5,256,59,0.4,0.4
5/23/2024,2024,5,264,69,0.4,0.4
5/24/2024,2024,5,377,84,0.4,0.4
5/25/2024,2024,5,349,68,0.4,0.4
5/26/2024,2024,5,446,120,0.4,0.4
5/27/2024,2024,5,368,70,0.4,0.4
5/28/2024,2024,5,305,53,0.4,0.4
5/29/2024,2024,5,287,46,0.4,0.4
5/30/2024,2024,5,337,68,0.4,0.4
5/31/2024,2024,5,447,103,0.4,0.4
6/1/2024,2024,6,500,116,0.4,0.4
6/2/2024,2024,6,342,68,0.4,0.4
6/3/2024,2024,6,332,90,0.4,0.4
6/4/2024,2024,6,425,100,0.4,0.4
6/5/2024,2024,6,417,88,0.4,0.4
6/6/2024,2024,6,424,88,0.4,0.4
6/7/2024,2024,6,509,104,0.4,0.4
6/8/2024,2024,6,553,102,0.4,0.4
6/9/2024,2024,6,486,86,0.4,0.4
6/10/2024,2024,6,362,85,0.4,0.4
6/11/2024,2024,6,399,87,0.4,0.4
6/12/2024,2024,6,484,100,0.4,0.4
6/13/2024,2024,6,581,116,0.4,0.4
6/14/2024,2024,6,711,98,0.4,0.4
6/15/2024,2024,6,452,112,0.4,0.4
6/16/2024,2024,6,394,104,0.4,0.4
6/17/2024,2024,6,470,76,0.4,0.4
6/18/2024,2024,6,545,80,0.4,0.4
6/19/2024,2024,6,349,66,0.4,0.4
6/20/2024,2024,6,502,101,0.4,0.4
6/21/2024,2024,6,565,86,0.4,0.4
6/22/2024,2024,6,624,84,0.4,0.4
6/23/2024,2024,6,403,82,0.4,0.4
6/24/2024,2024,6,451,63,0.4,0.4
6/25/2024,2024,6,542,97,0.4,0.4
6/26/2024,2024,6,814,167,0.4,0.4
6/27/2024,2024,6,832,213,0.4,0.4
6/28/2024,2024,6,573,154,0.4,0.4
6/29/2024,2024,6,395,122,0.4,0.4
6/30/2024,2024,6,276,66,0.4,0.4
7/1/2024,2024,7,344,49,0.4,0.3
7/2/2024,2024,7,383,43,0.4,0.3
7/3/2024,2024,7,475,61,0.4,0.3
7/4/2024,2024,7,891,144,0.4,0.3
7/5/2024,2024,7,451,67,0.4,0.3
7/6/2024,2024,7,378,83,0.4,0.3
7/7/2024,2024,7,330,61,0.4,0.3
7/8/2024,2024,7,444,57,0.4,0.3
7/9/2024,2024,7,492,65,0.4,0.3
7/10/2024,2024,7,467,44,0.4,0.3
7/11/2024,2024,7,598,73,0.4,0.3
7/12/2024,2024,7,559,79,0.4,0.3
7/13/2024,2024,7,626,74,0.4,0.3
7/14/2024,2024,7,359,41,0.4,0.3
7/15/2024,2024,7,371,39,0.4,0.3
7/16/2024,2024,7,400,45,0.4,0.3
7/17/2024,2024,7,410,67,0.4,0.3
7/18/2024,2024,7,394,75,0.4,0.3
7/19/2024,2024,7,402,88,0.4,0.3
7/20/2024,2024,7,367,73,0.4,0.3
7/21/2024,2024,7,294,65,0.4,0.3
7/22/2024,2024,7,320,36,0.4,0.3
7/23/2024,2024,7,320,43,0.4,0.3
7/24/2024,2024,7,382,52,0.4,0.3
7/25/2024,2024,7,443,58,0.4,0.3
7/26/2024,2024,7,513,59,0.4,0.3
7/27/2024,2024,7,485,62,0.4,0.3
7/28/2024,2024,7,381,58,0.4,0.3
7/29/2024,2024,7,358,49,0.4,0.3
7/30/2024,2024,7,406,77,0.4,0.3
7/31/2024,2024,7,440,66,0.4,0.3
8/1/2024,2024,8,538,73,0.4,0.3
8/2/2024,2024,8,494,61,0.4,0.3
8/3/2024,2024,8,451,57,0.4,0.3
8/4/2024,2024,8,294,41,0.4,0.3
8/5/2024,2024,8,243,51,0.4,0.3
8/6/2024,2024,8,334,37,0.4,0.3
8/7/2024,2024,8,340,31,0.4,0.3
8/8/2024,2024,8,244,18,0.4,0.3
8/9/2024,2024,8,320,37,0.4,0.3
8/10/2024,2024,8,525,34,0.4,0.3
8/11/2024,2024,8,397,46,0.4,0.3
8/12/2024,2024,8,478,56,0.4,0.3
8/13/2024,2024,8,611,40,0.4,0.3
8/14/2024,2024,8,841,80,0.4,0.3
8/15/2024,2024,8,1074,106,0.4,0.3
8/16/2024,2024,8,917,197,0.4,0.3
8/17/2024,2024,8,984,207,0.4,0.3
8/18/2024,2024,8,783,235,0.4,0.3
8/19/2024,2024,8,764,126,0.4,0.3
8/20/2024,2024,8,960,107,0.4,0.3
8/21/2024,2024,8,927,122,0.4,0.3
8/22/2024,2024,8,867,139,0.4,0.3
8/23/2024,2024,8,1053,173,0.4,0.3
8/24/2024,2024,8,1305,300,0.4,0.3
8/25/2024,2024,8,673,173,0.4,0.3
8/26/2024,2024,8,759,139,0.4,0.3
8/27/2024,2024,8,748,133,0.4,0.3
8/28/2024,2024,8,896,148,0.4,0.3
8/29/2024,2024,8,874,184,0.4,0.3
8/30/2024,2024,8,1185,140,0.4,0.3
8/31/2024,2024,8,1038,137,0.4,0.3
9/1/2024,2024,9,910,182,0.4,0.3
9/2/2024,2024,9,753,102,0.4,0.3
9/3/2024,2024,9,884,110,0.4,0.3
9/4/2024,2024,9,910,125,0.4,0.3
9/5/2024,2024,9,1037,134,0.4,0.3
9/6/2024,2024,9,1276,174,0.4,0.3
9/7/2024,2024,9,1705,257,0.4,0.3
9/8/2024,2024,9,525,135,0.4,0.3
9/9/2024,2024,9,890,82,0.4,0.3
9/10/2024,2024,9,966,96,0.4,0.3
9/11/2024,2024,9,829,82,0.4,0.3
9/12/2024,2024,9,963,93,0.4,0.3
9/13/2024,2024,9,1363,158,0.4,0.3
9/14/2024,2024,9,1934,448,0.4,0.3
9/15/2024,2024,9,692,133,0.4,0.3
9/16/2024,2024,9,912,86,0.4,0.3
9/17/2024,2024,9,711,133,0.4,0.3
9/18/2024,2024,9,902,120,0.4,0.3
9/19/2024,2024,9,895,136,0.4,0.3
9/20/2024,2024,9,1123,108,0.4,0.3
9/21/2024,2024,9,1173,118,0.4,0.3
9/22/2024,2024,9,614,65,0.4,0.3
9/23/2024,2024,9,798,94,0.4,0.3
9/24/2024,2024,9,951,65,0.4,0.3
9/25/2024,2024,9,935,83,0.4,0.3
9/26/2024,2024,9,1013,127,0.4,0.3
9/27/2024,2024,9,1105,108,0.4,0.3
9/28/2024,2024,9,762,137,0.4,0.3
9/29/2024,2024,9,604,102,0.4,0.3
9/30/2024,2024,9,737,98,0.4,0.3
10/1/2024,2024,10,912,141,0.4,0.3
10/2/2024,2024,10,997,97,0.4,0.3
10/3/2024,2024,10,1016,106,0.4,0.3
10/4/2024,2024,10,1009,140,0.4,0.3
10/5/2024,2024,10,828,158,0.4,0.3
10/6/2024,2024,10,628,119,0.4,0.3
10/7/2024,2024,10,908,97,0.4,0.3
10/8/2024,2024,10,898,102,0.4,0.3
10/9/2024,2024,10,853,85,0.4,0.3
10/10/2024,2024,10,973,125,0.4,0.3
10/11/2024,2024,10,1268,118,0.4,0.3
10/12/2024,2024,10,1246,239,0.4,0.3
10/13/2024,2024,10,576,113,0.4,0.3
10/14/2024,2024,10,728,89,0.4,0.3
10/15/2024,2024,10,736,105,0.4,0.3
10/16/2024,2024,10,729,98,0.4,0.3
10/17/2024,2024,10,793,105,0.4,0.3
